state,year,month,transaction_name,type,count,amount,source_path
Andaman & Nicobar Islands,2020,2,Insurance,TOTAL,6,1360.0,C:\Phonepe_data\pulse\data\aggregated\insurance\country\india\state\andaman-&-nicobar-islands\2020\2.json
Andaman & Nicobar Islands,2020,3,Insurance,TOTAL,41,15380.0,C:\Phonepe_data\pulse\data\aggregated\insurance\country\india\state\andaman-&-nicobar-islands\2020\3.json
Andaman & Nicobar Islands,2020,4,Insurance,TOTAL,124,157975.0,C:\Phonepe_data\pulse\data\aggregated\insurance\country\india\state\andaman-&-nicobar-islands\2020\4.json
Andaman & Nicobar Islands,2021,1,Insurance,TOTAL,225,244266.0,C:\Phonepe_data\pulse\data\aggregated\insurance\country\india\state\andaman-&-nicobar-islands\2021\1.json
Andaman & Nicobar Islands,2021,2,Insurance,TOTAL,137,181504.0,C:\Phonepe_data\pulse\data\aggregated\insurance\country\india\state\andaman-&-nicobar-islands\2021\2.json
Andaman & Nicobar Islands,2021,3,Insurance,TOTAL,230,305235.0,C:\Phonepe_data\pulse\data\aggregated\insurance\country\india\state\andaman-&-nicobar-islands\2021\3.json
Andaman & Nicobar Islands,2021,4,Insurance,TOTAL,757,1056380.0,C:\Phonepe_data\pulse\data\aggregated\insurance\country\india\state\andaman-&-nicobar-islands\2021\4.json
Andaman & Nicobar Islands,2022,1,Insurance,TOTAL,768,1131287.0,C:\Phonepe_data\pulse\data\aggregated\insurance\country\india\state\andaman-&-nicobar-islands\2022\1.json
Andaman & Nicobar Islands,2022,2,Insurance,TOTAL,501,779740.0,C:\Phonepe_data\pulse\data\aggregated\insurance\country\india\state\andaman-&-nicobar-islands\2022\2.json
Andaman & Nicobar Islands,2022,3,Insurance,TOTAL,643,902466.0,C:\Phonepe_data\pulse\data\aggregated\insurance\country\india\state\andaman-&-nicobar-islands\2022\3.json
Andaman & Nicobar Islands,2022,4,Insurance,TOTAL,901,1441210.0,C:\Phonepe_data\pulse\data\aggregated\insurance\country\india\state\andaman-&-nicobar-islands\2022\4.json
Andaman & Nicobar Islands,2023,1,Insurance,TOTAL,1004,1439198.0,C:\Phonepe_data\pulse\data\aggregated\insurance\country\india\state\andaman-&-nicobar-islands\2023\1.json
Andaman & Nicobar Islands,2023,2,Insurance,TOTAL,768,1233395.0,C:\Phonepe_data\pulse\data\aggregated\insurance\country\india\state\andaman-&-nicobar-islands\2023\2.json
Andaman & Nicobar Islands,2023,3,Insurance,TOTAL,795,1251145.0,C:\Phonepe_data\pulse\data\aggregated\insurance\country\india\state\andaman-&-nicobar-islands\2023\3.json
Andaman & Nicobar Islands,2023,4,Insurance,TOTAL,1145,1757821.0,C:\Phonepe_data\pulse\data\aggregated\insurance\country\india\state\andaman-&-nicobar-islands\2023\4.json
Andaman & Nicobar Islands,2024,1,Insurance,TOTAL,1371,1964556.0,C:\Phonepe_data\pulse\data\aggregated\insurance\country\india\state\andaman-&-nicobar-islands\2024\1.json
Andaman & Nicobar Islands,2024,2,Insurance,TOTAL,1097,1744694.0,C:\Phonepe_data\pulse\data\aggregated\insurance\country\india\state\andaman-&-nicobar-islands\2024\2.json
Andaman & Nicobar Islands,2024,3,Insurance,TOTAL,1191,1752800.0,C:\Phonepe_data\pulse\data\aggregated\insurance\country\india\state\andaman-&-nicobar-islands\2024\3.json
Andaman & Nicobar Islands,2024,4,Insurance,TOTAL,1293,2026380.0,C:\Phonepe_data\pulse\data\aggregated\insurance\country\india\state\andaman-&-nicobar-islands\2024\4.json
Andhra Pradesh,2020,2,Insurance,TOTAL,22104,3982391.0,C:\Phonepe_data\pulse\data\aggregated\insurance\country\india\state\andhra-pradesh\2020\2.json
Andhra Pradesh,2020,3,Insurance,TOTAL,49812,12426481.0,C:\Phonepe_data\pulse\data\aggregated\insurance\country\india\state\andhra-pradesh\2020\3.json
Andhra Pradesh,2020,4,Insurance,TOTAL,21464,12985632.0,C:\Phonepe_data\pulse\data\aggregated\insurance\country\india\state\andhra-pradesh\2020\4.json
Andhra Pradesh,2021,1,Insurance,TOTAL,22105,12749874.0,C:\Phonepe_data\pulse\data\aggregated\insurance\country\india\state\andhra-pradesh\2021\1.json
Andhra Pradesh,2021,2,Insurance,TOTAL,33205,22730687.0,C:\Phonepe_data\pulse\data\aggregated\insurance\country\india\state\andhra-pradesh\2021\2.json
Andhra Pradesh,2021,3,Insurance,TOTAL,23075,19914338.0,C:\Phonepe_data\pulse\data\aggregated\insurance\country\india\state\andhra-pradesh\2021\3.json
Andhra Pradesh,2021,4,Insurance,TOTAL,25423,31610335.0,C:\Phonepe_data\pulse\data\aggregated\insurance\country\india\state\andhra-pradesh\2021\4.json
Andhra Pradesh,2022,1,Insurance,TOTAL,29954,42648157.0,C:\Phonepe_data\pulse\data\aggregated\insurance\country\india\state\andhra-pradesh\2022\1.json
Andhra Pradesh,2022,2,Insurance,TOTAL,32185,41708072.0,C:\Phonepe_data\pulse\data\aggregated\insurance\country\india\state\andhra-pradesh\2022\2.json
Andhra Pradesh,2022,3,Insurance,TOTAL,39301,48791931.0,C:\Phonepe_data\pulse\data\aggregated\insurance\country\india\state\andhra-pradesh\2022\3.json
Andhra Pradesh,2022,4,Insurance,TOTAL,44329,58043239.0,C:\Phonepe_data\pulse\data\aggregated\insurance\country\india\state\andhra-pradesh\2022\4.json
Andhra Pradesh,2023,1,Insurance,TOTAL,34920,51963355.0,C:\Phonepe_data\pulse\data\aggregated\insurance\country\india\state\andhra-pradesh\2023\1.json
Andhra Pradesh,2023,2,Insurance,TOTAL,36376,52067478.0,C:\Phonepe_data\pulse\data\aggregated\insurance\country\india\state\andhra-pradesh\2023\2.json
Andhra Pradesh,2023,3,Insurance,TOTAL,43150,57802396.0,C:\Phonepe_data\pulse\data\aggregated\insurance\country\india\state\andhra-pradesh\2023\3.json
Andhra Pradesh,2023,4,Insurance,TOTAL,41798,62342423.0,C:\Phonepe_data\pulse\data\aggregated\insurance\country\india\state\andhra-pradesh\2023\4.json
Andhra Pradesh,2024,1,Insurance,TOTAL,46582,63563802.0,C:\Phonepe_data\pulse\data\aggregated\insurance\country\india\state\andhra-pradesh\2024\1.json
Andhra Pradesh,2024,2,Insurance,TOTAL,42547,62948281.0,C:\Phonepe_data\pulse\data\aggregated\insurance\country\india\state\andhra-pradesh\2024\2.json
Andhra Pradesh,2024,3,Insurance,TOTAL,48014,73915199.0,C:\Phonepe_data\pulse\data\aggregated\insurance\country\india\state\andhra-pradesh\2024\3.json
Andhra Pradesh,2024,4,Insurance,TOTAL,61425,80028914.0,C:\Phonepe_data\pulse\data\aggregated\insurance\country\india\state\andhra-pradesh\2024\4.json
Arunachal Pradesh,2020,2,Insurance,TOTAL,65,14329.0,C:\Phonepe_data\pulse\data\aggregated\insurance\country\india\state\arunachal-pradesh\2020\2.json
Arunachal Pradesh,2020,3,Insurance,TOTAL,135,39687.0,C:\Phonepe_data\pulse\data\aggregated\insurance\country\india\state\arunachal-pradesh\2020\3.json
Arunachal Pradesh,2020,4,Insurance,TOTAL,125,84247.0,C:\Phonepe_data\pulse\data\aggregated\insurance\country\india\state\arunachal-pradesh\2020\4.json
Arunachal Pradesh,2021,1,Insurance,TOTAL,194,131611.0,C:\Phonepe_data\pulse\data\aggregated\insurance\country\india\state\arunachal-pradesh\2021\1.json
Arunachal Pradesh,2021,2,Insurance,TOTAL,204,224928.0,C:\Phonepe_data\pulse\data\aggregated\insurance\country\india\state\arunachal-pradesh\2021\2.json
Arunachal Pradesh,2021,3,Insurance,TOTAL,212,371051.0,C:\Phonepe_data\pulse\data\aggregated\insurance\country\india\state\arunachal-pradesh\2021\3.json
Arunachal Pradesh,2021,4,Insurance,TOTAL,320,598459.0,C:\Phonepe_data\pulse\data\aggregated\insurance\country\india\state\arunachal-pradesh\2021\4.json
Arunachal Pradesh,2022,1,Insurance,TOTAL,355,894107.0,C:\Phonepe_data\pulse\data\aggregated\insurance\country\india\state\arunachal-pradesh\2022\1.json
Arunachal Pradesh,2022,2,Insurance,TOTAL,564,1360231.0,C:\Phonepe_data\pulse\data\aggregated\insurance\country\india\state\arunachal-pradesh\2022\2.json
Arunachal Pradesh,2022,3,Insurance,TOTAL,510,1300304.0,C:\Phonepe_data\pulse\data\aggregated\insurance\country\india\state\arunachal-pradesh\2022\3.json
Arunachal Pradesh,2022,4,Insurance,TOTAL,613,1464572.0,C:\Phonepe_data\pulse\data\aggregated\insurance\country\india\state\arunachal-pradesh\2022\4.json
Arunachal Pradesh,2023,1,Insurance,TOTAL,606,1747475.0,C:\Phonepe_data\pulse\data\aggregated\insurance\country\india\state\arunachal-pradesh\2023\1.json
Arunachal Pradesh,2023,2,Insurance,TOTAL,696,2095988.0,C:\Phonepe_data\pulse\data\aggregated\insurance\country\india\state\arunachal-pradesh\2023\2.json
Arunachal Pradesh,2023,3,Insurance,TOTAL,718,1904786.0,C:\Phonepe_data\pulse\data\aggregated\insurance\country\india\state\arunachal-pradesh\2023\3.json
Arunachal Pradesh,2023,4,Insurance,TOTAL,809,2105408.0,C:\Phonepe_data\pulse\data\aggregated\insurance\country\india\state\arunachal-pradesh\2023\4.json
Arunachal Pradesh,2024,1,Insurance,TOTAL,1100,2419700.0,C:\Phonepe_data\pulse\data\aggregated\insurance\country\india\state\arunachal-pradesh\2024\1.json
Arunachal Pradesh,2024,2,Insurance,TOTAL,1147,2353015.0,C:\Phonepe_data\pulse\data\aggregated\insurance\country\india\state\arunachal-pradesh\2024\2.json
Arunachal Pradesh,2024,3,Insurance,TOTAL,842,1951385.0,C:\Phonepe_data\pulse\data\aggregated\insurance\country\india\state\arunachal-pradesh\2024\3.json
Arunachal Pradesh,2024,4,Insurance,TOTAL,999,2359472.0,C:\Phonepe_data\pulse\data\aggregated\insurance\country\india\state\arunachal-pradesh\2024\4.json
Assam,2020,2,Insurance,TOTAL,978,210034.0,C:\Phonepe_data\pulse\data\aggregated\insurance\country\india\state\assam\2020\2.json
Assam,2020,3,Insurance,TOTAL,2206,599450.0,C:\Phonepe_data\pulse\data\aggregated\insurance\country\india\state\assam\2020\3.json
Assam,2020,4,Insurance,TOTAL,2413,1806801.0,C:\Phonepe_data\pulse\data\aggregated\insurance\country\india\state\assam\2020\4.json
Assam,2021,1,Insurance,TOTAL,3167,2334419.0,C:\Phonepe_data\pulse\data\aggregated\insurance\country\india\state\assam\2021\1.json
Assam,2021,2,Insurance,TOTAL,3265,3008122.0,C:\Phonepe_data\pulse\data\aggregated\insurance\country\india\state\assam\2021\2.json
Assam,2021,3,Insurance,TOTAL,4495,6010865.0,C:\Phonepe_data\pulse\data\aggregated\insurance\country\india\state\assam\2021\3.json
Assam,2021,4,Insurance,TOTAL,8622,13962068.0,C:\Phonepe_data\pulse\data\aggregated\insurance\country\india\state\assam\2021\4.json
Assam,2022,1,Insurance,TOTAL,16230,27447766.0,C:\Phonepe_data\pulse\data\aggregated\insurance\country\india\state\assam\2022\1.json
Assam,2022,2,Insurance,TOTAL,9228,15357811.0,C:\Phonepe_data\pulse\data\aggregated\insurance\country\india\state\assam\2022\2.json
Assam,2022,3,Insurance,TOTAL,14149,22543564.0,C:\Phonepe_data\pulse\data\aggregated\insurance\country\india\state\assam\2022\3.json
Assam,2022,4,Insurance,TOTAL,18826,29239168.0,C:\Phonepe_data\pulse\data\aggregated\insurance\country\india\state\assam\2022\4.json
Assam,2023,1,Insurance,TOTAL,22100,36963888.0,C:\Phonepe_data\pulse\data\aggregated\insurance\country\india\state\assam\2023\1.json
Assam,2023,2,Insurance,TOTAL,16475,28368139.0,C:\Phonepe_data\pulse\data\aggregated\insurance\country\india\state\assam\2023\2.json
Assam,2023,3,Insurance,TOTAL,22593,35618158.0,C:\Phonepe_data\pulse\data\aggregated\insurance\country\india\state\assam\2023\3.json
Assam,2023,4,Insurance,TOTAL,23168,38731734.0,C:\Phonepe_data\pulse\data\aggregated\insurance\country\india\state\assam\2023\4.json
Assam,2024,1,Insurance,TOTAL,33097,48107248.0,C:\Phonepe_data\pulse\data\aggregated\insurance\country\india\state\assam\2024\1.json
Assam,2024,2,Insurance,TOTAL,22368,34796603.0,C:\Phonepe_data\pulse\data\aggregated\insurance\country\india\state\assam\2024\2.json
Assam,2024,3,Insurance,TOTAL,17633,31388971.0,C:\Phonepe_data\pulse\data\aggregated\insurance\country\india\state\assam\2024\3.json
Assam,2024,4,Insurance,TOTAL,21805,35336229.0,C:\Phonepe_data\pulse\data\aggregated\insurance\country\india\state\assam\2024\4.json
Bihar,2020,2,Insurance,TOTAL,2816,595621.0,C:\Phonepe_data\pulse\data\aggregated\insurance\country\india\state\bihar\2020\2.json
Bihar,2020,3,Insurance,TOTAL,9733,2161102.0,C:\Phonepe_data\pulse\data\aggregated\insurance\country\india\state\bihar\2020\3.json
Bihar,2020,4,Insurance,TOTAL,9913,7860932.0,C:\Phonepe_data\pulse\data\aggregated\insurance\country\india\state\bihar\2020\4.json
Bihar,2021,1,Insurance,TOTAL,12554,8796619.0,C:\Phonepe_data\pulse\data\aggregated\insurance\country\india\state\bihar\2021\1.json
Bihar,2021,2,Insurance,TOTAL,14301,13301581.0,C:\Phonepe_data\pulse\data\aggregated\insurance\country\india\state\bihar\2021\2.json
Bihar,2021,3,Insurance,TOTAL,18030,18234941.0,C:\Phonepe_data\pulse\data\aggregated\insurance\country\india\state\bihar\2021\3.json
Bihar,2021,4,Insurance,TOTAL,22456,27313813.0,C:\Phonepe_data\pulse\data\aggregated\insurance\country\india\state\bihar\2021\4.json
Bihar,2022,1,Insurance,TOTAL,20253,27755736.0,C:\Phonepe_data\pulse\data\aggregated\insurance\country\india\state\bihar\2022\1.json
Bihar,2022,2,Insurance,TOTAL,21892,28212833.0,C:\Phonepe_data\pulse\data\aggregated\insurance\country\india\state\bihar\2022\2.json
Bihar,2022,3,Insurance,TOTAL,28511,34704251.0,C:\Phonepe_data\pulse\data\aggregated\insurance\country\india\state\bihar\2022\3.json
Bihar,2022,4,Insurance,TOTAL,33895,43914519.0,C:\Phonepe_data\pulse\data\aggregated\insurance\country\india\state\bihar\2022\4.json
Bihar,2023,1,Insurance,TOTAL,26929,38746711.0,C:\Phonepe_data\pulse\data\aggregated\insurance\country\india\state\bihar\2023\1.json
Bihar,2023,2,Insurance,TOTAL,29212,40354886.0,C:\Phonepe_data\pulse\data\aggregated\insurance\country\india\state\bihar\2023\2.json
Bihar,2023,3,Insurance,TOTAL,36550,45832355.0,C:\Phonepe_data\pulse\data\aggregated\insurance\country\india\state\bihar\2023\3.json
Bihar,2023,4,Insurance,TOTAL,41447,57624322.0,C:\Phonepe_data\pulse\data\aggregated\insurance\country\india\state\bihar\2023\4.json
Bihar,2024,1,Insurance,TOTAL,51592,63844442.0,C:\Phonepe_data\pulse\data\aggregated\insurance\country\india\state\bihar\2024\1.json
Bihar,2024,2,Insurance,TOTAL,49101,65285065.0,C:\Phonepe_data\pulse\data\aggregated\insurance\country\india\state\bihar\2024\2.json
Bihar,2024,3,Insurance,TOTAL,44745,62777286.0,C:\Phonepe_data\pulse\data\aggregated\insurance\country\india\state\bihar\2024\3.json
Bihar,2024,4,Insurance,TOTAL,62662,83739800.0,C:\Phonepe_data\pulse\data\aggregated\insurance\country\india\state\bihar\2024\4.json
Chandigarh,2020,2,Insurance,TOTAL,149,29537.0,C:\Phonepe_data\pulse\data\aggregated\insurance\country\india\state\chandigarh\2020\2.json
Chandigarh,2020,3,Insurance,TOTAL,264,70969.0,C:\Phonepe_data\pulse\data\aggregated\insurance\country\india\state\chandigarh\2020\3.json
Chandigarh,2020,4,Insurance,TOTAL,200,153341.0,C:\Phonepe_data\pulse\data\aggregated\insurance\country\india\state\chandigarh\2020\4.json
Chandigarh,2021,1,Insurance,TOTAL,338,238576.0,C:\Phonepe_data\pulse\data\aggregated\insurance\country\india\state\chandigarh\2021\1.json
Chandigarh,2021,2,Insurance,TOTAL,378,310943.0,C:\Phonepe_data\pulse\data\aggregated\insurance\country\india\state\chandigarh\2021\2.json
Chandigarh,2021,3,Insurance,TOTAL,494,469634.0,C:\Phonepe_data\pulse\data\aggregated\insurance\country\india\state\chandigarh\2021\3.json
Chandigarh,2021,4,Insurance,TOTAL,710,835813.0,C:\Phonepe_data\pulse\data\aggregated\insurance\country\india\state\chandigarh\2021\4.json
Chandigarh,2022,1,Insurance,TOTAL,792,1150932.0,C:\Phonepe_data\pulse\data\aggregated\insurance\country\india\state\chandigarh\2022\1.json
Chandigarh,2022,2,Insurance,TOTAL,1330,1874959.0,C:\Phonepe_data\pulse\data\aggregated\insurance\country\india\state\chandigarh\2022\2.json
Chandigarh,2022,3,Insurance,TOTAL,1533,1998439.0,C:\Phonepe_data\pulse\data\aggregated\insurance\country\india\state\chandigarh\2022\3.json
Chandigarh,2022,4,Insurance,TOTAL,1403,2024528.0,C:\Phonepe_data\pulse\data\aggregated\insurance\country\india\state\chandigarh\2022\4.json
Chandigarh,2023,1,Insurance,TOTAL,1520,2415574.0,C:\Phonepe_data\pulse\data\aggregated\insurance\country\india\state\chandigarh\2023\1.json
Chandigarh,2023,2,Insurance,TOTAL,1704,2501107.0,C:\Phonepe_data\pulse\data\aggregated\insurance\country\india\state\chandigarh\2023\2.json
Chandigarh,2023,3,Insurance,TOTAL,1883,2660630.0,C:\Phonepe_data\pulse\data\aggregated\insurance\country\india\state\chandigarh\2023\3.json
Chandigarh,2023,4,Insurance,TOTAL,1767,3053934.0,C:\Phonepe_data\pulse\data\aggregated\insurance\country\india\state\chandigarh\2023\4.json
Chandigarh,2024,1,Insurance,TOTAL,1730,3143984.0,C:\Phonepe_data\pulse\data\aggregated\insurance\country\india\state\chandigarh\2024\1.json
Chandigarh,2024,2,Insurance,TOTAL,1798,3177315.0,C:\Phonepe_data\pulse\data\aggregated\insurance\country\india\state\chandigarh\2024\2.json
Chandigarh,2024,3,Insurance,TOTAL,1991,3445738.0,C:\Phonepe_data\pulse\data\aggregated\insurance\country\india\state\chandigarh\2024\3.json
Chandigarh,2024,4,Insurance,TOTAL,2095,3729932.0,C:\Phonepe_data\pulse\data\aggregated\insurance\country\india\state\chandigarh\2024\4.json
Chhattisgarh,2020,2,Insurance,TOTAL,1346,279005.0,C:\Phonepe_data\pulse\data\aggregated\insurance\country\india\state\chhattisgarh\2020\2.json
Chhattisgarh,2020,3,Insurance,TOTAL,4702,1393656.0,C:\Phonepe_data\pulse\data\aggregated\insurance\country\india\state\chhattisgarh\2020\3.json
Chhattisgarh,2020,4,Insurance,TOTAL,3757,2249901.0,C:\Phonepe_data\pulse\data\aggregated\insurance\country\india\state\chhattisgarh\2020\4.json
Chhattisgarh,2021,1,Insurance,TOTAL,4712,2620468.0,C:\Phonepe_data\pulse\data\aggregated\insurance\country\india\state\chhattisgarh\2021\1.json
Chhattisgarh,2021,2,Insurance,TOTAL,5055,3813417.0,C:\Phonepe_data\pulse\data\aggregated\insurance\country\india\state\chhattisgarh\2021\2.json
Chhattisgarh,2021,3,Insurance,TOTAL,4676,3568837.0,C:\Phonepe_data\pulse\data\aggregated\insurance\country\india\state\chhattisgarh\2021\3.json
Chhattisgarh,2021,4,Insurance,TOTAL,6029,8229039.0,C:\Phonepe_data\pulse\data\aggregated\insurance\country\india\state\chhattisgarh\2021\4.json
Chhattisgarh,2022,1,Insurance,TOTAL,6612,10139190.0,C:\Phonepe_data\pulse\data\aggregated\insurance\country\india\state\chhattisgarh\2022\1.json
Chhattisgarh,2022,2,Insurance,TOTAL,7008,10119964.0,C:\Phonepe_data\pulse\data\aggregated\insurance\country\india\state\chhattisgarh\2022\2.json
Chhattisgarh,2022,3,Insurance,TOTAL,8849,12119470.0,C:\Phonepe_data\pulse\data\aggregated\insurance\country\india\state\chhattisgarh\2022\3.json
Chhattisgarh,2022,4,Insurance,TOTAL,11994,18137856.0,C:\Phonepe_data\pulse\data\aggregated\insurance\country\india\state\chhattisgarh\2022\4.json
Chhattisgarh,2023,1,Insurance,TOTAL,10460,16577191.0,C:\Phonepe_data\pulse\data\aggregated\insurance\country\india\state\chhattisgarh\2023\1.json
Chhattisgarh,2023,2,Insurance,TOTAL,10514,16389610.0,C:\Phonepe_data\pulse\data\aggregated\insurance\country\india\state\chhattisgarh\2023\2.json
Chhattisgarh,2023,3,Insurance,TOTAL,11927,17838382.0,C:\Phonepe_data\pulse\data\aggregated\insurance\country\india\state\chhattisgarh\2023\3.json
Chhattisgarh,2023,4,Insurance,TOTAL,17300,29704673.0,C:\Phonepe_data\pulse\data\aggregated\insurance\country\india\state\chhattisgarh\2023\4.json
Chhattisgarh,2024,1,Insurance,TOTAL,19579,30083259.0,C:\Phonepe_data\pulse\data\aggregated\insurance\country\india\state\chhattisgarh\2024\1.json
Chhattisgarh,2024,2,Insurance,TOTAL,15724,25935743.0,C:\Phonepe_data\pulse\data\aggregated\insurance\country\india\state\chhattisgarh\2024\2.json
Chhattisgarh,2024,3,Insurance,TOTAL,16550,27724060.0,C:\Phonepe_data\pulse\data\aggregated\insurance\country\india\state\chhattisgarh\2024\3.json
Chhattisgarh,2024,4,Insurance,TOTAL,22723,37421165.0,C:\Phonepe_data\pulse\data\aggregated\insurance\country\india\state\chhattisgarh\2024\4.json
Dadra & Nagar Haveli & Daman & Diu,2020,2,Insurance,TOTAL,651,101029.0,C:\Phonepe_data\pulse\data\aggregated\insurance\country\india\state\dadra-&-nagar-haveli-&-daman-&-diu\2020\2.json
Dadra & Nagar Haveli & Daman & Diu,2020,3,Insurance,TOTAL,257,65504.0,C:\Phonepe_data\pulse\data\aggregated\insurance\country\india\state\dadra-&-nagar-haveli-&-daman-&-diu\2020\3.json
Dadra & Nagar Haveli & Daman & Diu,2020,4,Insurance,TOTAL,232,149513.0,C:\Phonepe_data\pulse\data\aggregated\insurance\country\india\state\dadra-&-nagar-haveli-&-daman-&-diu\2020\4.json
Dadra & Nagar Haveli & Daman & Diu,2021,1,Insurance,TOTAL,467,285691.0,C:\Phonepe_data\pulse\data\aggregated\insurance\country\india\state\dadra-&-nagar-haveli-&-daman-&-diu\2021\1.json
Dadra & Nagar Haveli & Daman & Diu,2021,2,Insurance,TOTAL,368,275638.0,C:\Phonepe_data\pulse\data\aggregated\insurance\country\india\state\dadra-&-nagar-haveli-&-daman-&-diu\2021\2.json
Dadra & Nagar Haveli & Daman & Diu,2021,3,Insurance,TOTAL,360,273596.0,C:\Phonepe_data\pulse\data\aggregated\insurance\country\india\state\dadra-&-nagar-haveli-&-daman-&-diu\2021\3.json
Dadra & Nagar Haveli & Daman & Diu,2021,4,Insurance,TOTAL,421,425384.0,C:\Phonepe_data\pulse\data\aggregated\insurance\country\india\state\dadra-&-nagar-haveli-&-daman-&-diu\2021\4.json
Dadra & Nagar Haveli & Daman & Diu,2022,1,Insurance,TOTAL,493,720741.0,C:\Phonepe_data\pulse\data\aggregated\insurance\country\india\state\dadra-&-nagar-haveli-&-daman-&-diu\2022\1.json
Dadra & Nagar Haveli & Daman & Diu,2022,2,Insurance,TOTAL,438,686857.0,C:\Phonepe_data\pulse\data\aggregated\insurance\country\india\state\dadra-&-nagar-haveli-&-daman-&-diu\2022\2.json
Dadra & Nagar Haveli & Daman & Diu,2022,3,Insurance,TOTAL,707,983776.0,C:\Phonepe_data\pulse\data\aggregated\insurance\country\india\state\dadra-&-nagar-haveli-&-daman-&-diu\2022\3.json
Dadra & Nagar Haveli & Daman & Diu,2022,4,Insurance,TOTAL,871,1272628.0,C:\Phonepe_data\pulse\data\aggregated\insurance\country\india\state\dadra-&-nagar-haveli-&-daman-&-diu\2022\4.json
Dadra & Nagar Haveli & Daman & Diu,2023,1,Insurance,TOTAL,799,1215168.0,C:\Phonepe_data\pulse\data\aggregated\insurance\country\india\state\dadra-&-nagar-haveli-&-daman-&-diu\2023\1.json
Dadra & Nagar Haveli & Daman & Diu,2023,2,Insurance,TOTAL,694,1058753.0,C:\Phonepe_data\pulse\data\aggregated\insurance\country\india\state\dadra-&-nagar-haveli-&-daman-&-diu\2023\2.json
Dadra & Nagar Haveli & Daman & Diu,2023,3,Insurance,TOTAL,969,1333103.0,C:\Phonepe_data\pulse\data\aggregated\insurance\country\india\state\dadra-&-nagar-haveli-&-daman-&-diu\2023\3.json
Dadra & Nagar Haveli & Daman & Diu,2023,4,Insurance,TOTAL,1207,1973867.0,C:\Phonepe_data\pulse\data\aggregated\insurance\country\india\state\dadra-&-nagar-haveli-&-daman-&-diu\2023\4.json
Dadra & Nagar Haveli & Daman & Diu,2024,1,Insurance,TOTAL,1295,1908509.0,C:\Phonepe_data\pulse\data\aggregated\insurance\country\india\state\dadra-&-nagar-haveli-&-daman-&-diu\2024\1.json
Dadra & Nagar Haveli & Daman & Diu,2024,2,Insurance,TOTAL,1008,1367259.0,C:\Phonepe_data\pulse\data\aggregated\insurance\country\india\state\dadra-&-nagar-haveli-&-daman-&-diu\2024\2.json
Dadra & Nagar Haveli & Daman & Diu,2024,3,Insurance,TOTAL,1052,1602869.0,C:\Phonepe_data\pulse\data\aggregated\insurance\country\india\state\dadra-&-nagar-haveli-&-daman-&-diu\2024\3.json
Dadra & Nagar Haveli & Daman & Diu,2024,4,Insurance,TOTAL,1503,2292529.0,C:\Phonepe_data\pulse\data\aggregated\insurance\country\india\state\dadra-&-nagar-haveli-&-daman-&-diu\2024\4.json
Delhi,2020,2,Insurance,TOTAL,11716,1897480.0,C:\Phonepe_data\pulse\data\aggregated\insurance\country\india\state\delhi\2020\2.json
Delhi,2020,3,Insurance,TOTAL,7588,1927285.0,C:\Phonepe_data\pulse\data\aggregated\insurance\country\india\state\delhi\2020\3.json
Delhi,2020,4,Insurance,TOTAL,9725,8045442.0,C:\Phonepe_data\pulse\data\aggregated\insurance\country\india\state\delhi\2020\4.json
Delhi,2021,1,Insurance,TOTAL,12822,9655261.0,C:\Phonepe_data\pulse\data\aggregated\insurance\country\india\state\delhi\2021\1.json
Delhi,2021,2,Insurance,TOTAL,13292,10840929.0,C:\Phonepe_data\pulse\data\aggregated\insurance\country\india\state\delhi\2021\2.json
Delhi,2021,3,Insurance,TOTAL,16679,15007079.0,C:\Phonepe_data\pulse\data\aggregated\insurance\country\india\state\delhi\2021\3.json
Delhi,2021,4,Insurance,TOTAL,34251,36578331.0,C:\Phonepe_data\pulse\data\aggregated\insurance\country\india\state\delhi\2021\4.json
Delhi,2022,1,Insurance,TOTAL,28232,35442069.0,C:\Phonepe_data\pulse\data\aggregated\insurance\country\india\state\delhi\2022\1.json
Delhi,2022,2,Insurance,TOTAL,26378,31787281.0,C:\Phonepe_data\pulse\data\aggregated\insurance\country\india\state\delhi\2022\2.json
Delhi,2022,3,Insurance,TOTAL,35944,41570160.0,C:\Phonepe_data\pulse\data\aggregated\insurance\country\india\state\delhi\2022\3.json
Delhi,2022,4,Insurance,TOTAL,48908,60603173.0,C:\Phonepe_data\pulse\data\aggregated\insurance\country\india\state\delhi\2022\4.json
Delhi,2023,1,Insurance,TOTAL,45821,61040038.0,C:\Phonepe_data\pulse\data\aggregated\insurance\country\india\state\delhi\2023\1.json
Delhi,2023,2,Insurance,TOTAL,41358,54951108.0,C:\Phonepe_data\pulse\data\aggregated\insurance\country\india\state\delhi\2023\2.json
Delhi,2023,3,Insurance,TOTAL,47113,58878500.0,C:\Phonepe_data\pulse\data\aggregated\insurance\country\india\state\delhi\2023\3.json
Delhi,2023,4,Insurance,TOTAL,56336,77332401.0,C:\Phonepe_data\pulse\data\aggregated\insurance\country\india\state\delhi\2023\4.json
Delhi,2024,1,Insurance,TOTAL,53050,76232346.0,C:\Phonepe_data\pulse\data\aggregated\insurance\country\india\state\delhi\2024\1.json
Delhi,2024,2,Insurance,TOTAL,46189,68046072.0,C:\Phonepe_data\pulse\data\aggregated\insurance\country\india\state\delhi\2024\2.json
Delhi,2024,3,Insurance,TOTAL,49150,71139489.0,C:\Phonepe_data\pulse\data\aggregated\insurance\country\india\state\delhi\2024\3.json
Delhi,2024,4,Insurance,TOTAL,67962,94390728.0,C:\Phonepe_data\pulse\data\aggregated\insurance\country\india\state\delhi\2024\4.json
Goa,2020,2,Insurance,TOTAL,341,71100.0,C:\Phonepe_data\pulse\data\aggregated\insurance\country\india\state\goa\2020\2.json
Goa,2020,3,Insurance,TOTAL,683,196864.0,C:\Phonepe_data\pulse\data\aggregated\insurance\country\india\state\goa\2020\3.json
Goa,2020,4,Insurance,TOTAL,614,682364.0,C:\Phonepe_data\pulse\data\aggregated\insurance\country\india\state\goa\2020\4.json
Goa,2021,1,Insurance,TOTAL,879,827384.0,C:\Phonepe_data\pulse\data\aggregated\insurance\country\india\state\goa\2021\1.json
Goa,2021,2,Insurance,TOTAL,1016,1028339.0,C:\Phonepe_data\pulse\data\aggregated\insurance\country\india\state\goa\2021\2.json
Goa,2021,3,Insurance,TOTAL,1214,1385986.0,C:\Phonepe_data\pulse\data\aggregated\insurance\country\india\state\goa\2021\3.json
Goa,2021,4,Insurance,TOTAL,2087,2737316.0,C:\Phonepe_data\pulse\data\aggregated\insurance\country\india\state\goa\2021\4.json
Goa,2022,1,Insurance,TOTAL,2634,3865245.0,C:\Phonepe_data\pulse\data\aggregated\insurance\country\india\state\goa\2022\1.json
Goa,2022,2,Insurance,TOTAL,3524,5093510.0,C:\Phonepe_data\pulse\data\aggregated\insurance\country\india\state\goa\2022\2.json
Goa,2022,3,Insurance,TOTAL,3157,4142108.0,C:\Phonepe_data\pulse\data\aggregated\insurance\country\india\state\goa\2022\3.json
Goa,2022,4,Insurance,TOTAL,4388,6190669.0,C:\Phonepe_data\pulse\data\aggregated\insurance\country\india\state\goa\2022\4.json
Goa,2023,1,Insurance,TOTAL,4097,5859549.0,C:\Phonepe_data\pulse\data\aggregated\insurance\country\india\state\goa\2023\1.json
Goa,2023,2,Insurance,TOTAL,4166,5930801.0,C:\Phonepe_data\pulse\data\aggregated\insurance\country\india\state\goa\2023\2.json
Goa,2023,3,Insurance,TOTAL,3927,5646054.0,C:\Phonepe_data\pulse\data\aggregated\insurance\country\india\state\goa\2023\3.json
Goa,2023,4,Insurance,TOTAL,4883,7411001.0,C:\Phonepe_data\pulse\data\aggregated\insurance\country\india\state\goa\2023\4.json
Goa,2024,1,Insurance,TOTAL,5225,7528093.0,C:\Phonepe_data\pulse\data\aggregated\insurance\country\india\state\goa\2024\1.json
Goa,2024,2,Insurance,TOTAL,5021,7178558.0,C:\Phonepe_data\pulse\data\aggregated\insurance\country\india\state\goa\2024\2.json
Goa,2024,3,Insurance,TOTAL,5354,8051690.0,C:\Phonepe_data\pulse\data\aggregated\insurance\country\india\state\goa\2024\3.json
Goa,2024,4,Insurance,TOTAL,6662,9903374.0,C:\Phonepe_data\pulse\data\aggregated\insurance\country\india\state\goa\2024\4.json
Gujarat,2020,2,Insurance,TOTAL,7697,1430591.0,C:\Phonepe_data\pulse\data\aggregated\insurance\country\india\state\gujarat\2020\2.json
Gujarat,2020,3,Insurance,TOTAL,12525,3335812.0,C:\Phonepe_data\pulse\data\aggregated\insurance\country\india\state\gujarat\2020\3.json
Gujarat,2020,4,Insurance,TOTAL,9990,6055037.0,C:\Phonepe_data\pulse\data\aggregated\insurance\country\india\state\gujarat\2020\4.json
Gujarat,2021,1,Insurance,TOTAL,12673,7288104.0,C:\Phonepe_data\pulse\data\aggregated\insurance\country\india\state\gujarat\2021\1.json
Gujarat,2021,2,Insurance,TOTAL,14676,10263998.0,C:\Phonepe_data\pulse\data\aggregated\insurance\country\india\state\gujarat\2021\2.json
Gujarat,2021,3,Insurance,TOTAL,15348,12341903.0,C:\Phonepe_data\pulse\data\aggregated\insurance\country\india\state\gujarat\2021\3.json
Gujarat,2021,4,Insurance,TOTAL,19142,23282921.0,C:\Phonepe_data\pulse\data\aggregated\insurance\country\india\state\gujarat\2021\4.json
Gujarat,2022,1,Insurance,TOTAL,22221,29953433.0,C:\Phonepe_data\pulse\data\aggregated\insurance\country\india\state\gujarat\2022\1.json
Gujarat,2022,2,Insurance,TOTAL,25381,32090965.0,C:\Phonepe_data\pulse\data\aggregated\insurance\country\india\state\gujarat\2022\2.json
Gujarat,2022,3,Insurance,TOTAL,31302,37557227.0,C:\Phonepe_data\pulse\data\aggregated\insurance\country\india\state\gujarat\2022\3.json
Gujarat,2022,4,Insurance,TOTAL,36418,50629325.0,C:\Phonepe_data\pulse\data\aggregated\insurance\country\india\state\gujarat\2022\4.json
Gujarat,2023,1,Insurance,TOTAL,32600,46937694.0,C:\Phonepe_data\pulse\data\aggregated\insurance\country\india\state\gujarat\2023\1.json
Gujarat,2023,2,Insurance,TOTAL,32484,46254095.0,C:\Phonepe_data\pulse\data\aggregated\insurance\country\india\state\gujarat\2023\2.json
Gujarat,2023,3,Insurance,TOTAL,51049,65768085.0,C:\Phonepe_data\pulse\data\aggregated\insurance\country\india\state\gujarat\2023\3.json
Gujarat,2023,4,Insurance,TOTAL,41128,66735446.0,C:\Phonepe_data\pulse\data\aggregated\insurance\country\india\state\gujarat\2023\4.json
Gujarat,2024,1,Insurance,TOTAL,44665,62633910.0,C:\Phonepe_data\pulse\data\aggregated\insurance\country\india\state\gujarat\2024\1.json
Gujarat,2024,2,Insurance,TOTAL,44007,63866463.0,C:\Phonepe_data\pulse\data\aggregated\insurance\country\india\state\gujarat\2024\2.json
Gujarat,2024,3,Insurance,TOTAL,46763,70950327.0,C:\Phonepe_data\pulse\data\aggregated\insurance\country\india\state\gujarat\2024\3.json
Gujarat,2024,4,Insurance,TOTAL,62526,91858105.0,C:\Phonepe_data\pulse\data\aggregated\insurance\country\india\state\gujarat\2024\4.json
Haryana,2020,2,Insurance,TOTAL,6321,1179814.0,C:\Phonepe_data\pulse\data\aggregated\insurance\country\india\state\haryana\2020\2.json
Haryana,2020,3,Insurance,TOTAL,7139,1884868.0,C:\Phonepe_data\pulse\data\aggregated\insurance\country\india\state\haryana\2020\3.json
Haryana,2020,4,Insurance,TOTAL,8283,5974278.0,C:\Phonepe_data\pulse\data\aggregated\insurance\country\india\state\haryana\2020\4.json
Haryana,2021,1,Insurance,TOTAL,11038,7297880.0,C:\Phonepe_data\pulse\data\aggregated\insurance\country\india\state\haryana\2021\1.json
Haryana,2021,2,Insurance,TOTAL,12516,11272453.0,C:\Phonepe_data\pulse\data\aggregated\insurance\country\india\state\haryana\2021\2.json
Haryana,2021,3,Insurance,TOTAL,14163,13215898.0,C:\Phonepe_data\pulse\data\aggregated\insurance\country\india\state\haryana\2021\3.json
Haryana,2021,4,Insurance,TOTAL,19489,25885838.0,C:\Phonepe_data\pulse\data\aggregated\insurance\country\india\state\haryana\2021\4.json
Haryana,2022,1,Insurance,TOTAL,22783,32526943.0,C:\Phonepe_data\pulse\data\aggregated\insurance\country\india\state\haryana\2022\1.json
Haryana,2022,2,Insurance,TOTAL,25352,33759068.0,C:\Phonepe_data\pulse\data\aggregated\insurance\country\india\state\haryana\2022\2.json
Haryana,2022,3,Insurance,TOTAL,35346,45402800.0,C:\Phonepe_data\pulse\data\aggregated\insurance\country\india\state\haryana\2022\3.json
Haryana,2022,4,Insurance,TOTAL,37971,56627115.0,C:\Phonepe_data\pulse\data\aggregated\insurance\country\india\state\haryana\2022\4.json
Haryana,2023,1,Insurance,TOTAL,37287,61127194.0,C:\Phonepe_data\pulse\data\aggregated\insurance\country\india\state\haryana\2023\1.json
Haryana,2023,2,Insurance,TOTAL,40710,62186066.0,C:\Phonepe_data\pulse\data\aggregated\insurance\country\india\state\haryana\2023\2.json
Haryana,2023,3,Insurance,TOTAL,42815,61782311.0,C:\Phonepe_data\pulse\data\aggregated\insurance\country\india\state\haryana\2023\3.json
Haryana,2023,4,Insurance,TOTAL,47506,80747159.0,C:\Phonepe_data\pulse\data\aggregated\insurance\country\india\state\haryana\2023\4.json
Haryana,2024,1,Insurance,TOTAL,50391,81816509.0,C:\Phonepe_data\pulse\data\aggregated\insurance\country\india\state\haryana\2024\1.json
Haryana,2024,2,Insurance,TOTAL,46085,74779879.0,C:\Phonepe_data\pulse\data\aggregated\insurance\country\india\state\haryana\2024\2.json
Haryana,2024,3,Insurance,TOTAL,49735,79198642.0,C:\Phonepe_data\pulse\data\aggregated\insurance\country\india\state\haryana\2024\3.json
Haryana,2024,4,Insurance,TOTAL,58808,94316512.0,C:\Phonepe_data\pulse\data\aggregated\insurance\country\india\state\haryana\2024\4.json
Himachal Pradesh,2020,2,Insurance,TOTAL,392,77936.0,C:\Phonepe_data\pulse\data\aggregated\insurance\country\india\state\himachal-pradesh\2020\2.json
Himachal Pradesh,2020,3,Insurance,TOTAL,531,165559.0,C:\Phonepe_data\pulse\data\aggregated\insurance\country\india\state\himachal-pradesh\2020\3.json
Himachal Pradesh,2020,4,Insurance,TOTAL,710,630966.0,C:\Phonepe_data\pulse\data\aggregated\insurance\country\india\state\himachal-pradesh\2020\4.json
Himachal Pradesh,2021,1,Insurance,TOTAL,1064,906492.0,C:\Phonepe_data\pulse\data\aggregated\insurance\country\india\state\himachal-pradesh\2021\1.json
Himachal Pradesh,2021,2,Insurance,TOTAL,1210,1402338.0,C:\Phonepe_data\pulse\data\aggregated\insurance\country\india\state\himachal-pradesh\2021\2.json
Himachal Pradesh,2021,3,Insurance,TOTAL,1759,2444545.0,C:\Phonepe_data\pulse\data\aggregated\insurance\country\india\state\himachal-pradesh\2021\3.json
Himachal Pradesh,2021,4,Insurance,TOTAL,2474,4667661.0,C:\Phonepe_data\pulse\data\aggregated\insurance\country\india\state\himachal-pradesh\2021\4.json
Himachal Pradesh,2022,1,Insurance,TOTAL,2768,5234739.0,C:\Phonepe_data\pulse\data\aggregated\insurance\country\india\state\himachal-pradesh\2022\1.json
Himachal Pradesh,2022,2,Insurance,TOTAL,2831,5371078.0,C:\Phonepe_data\pulse\data\aggregated\insurance\country\india\state\himachal-pradesh\2022\2.json
Himachal Pradesh,2022,3,Insurance,TOTAL,3641,6161692.0,C:\Phonepe_data\pulse\data\aggregated\insurance\country\india\state\himachal-pradesh\2022\3.json
Himachal Pradesh,2022,4,Insurance,TOTAL,4565,9060436.0,C:\Phonepe_data\pulse\data\aggregated\insurance\country\india\state\himachal-pradesh\2022\4.json
Himachal Pradesh,2023,1,Insurance,TOTAL,3909,7826133.0,C:\Phonepe_data\pulse\data\aggregated\insurance\country\india\state\himachal-pradesh\2023\1.json
Himachal Pradesh,2023,2,Insurance,TOTAL,4197,8499425.0,C:\Phonepe_data\pulse\data\aggregated\insurance\country\india\state\himachal-pradesh\2023\2.json
Himachal Pradesh,2023,3,Insurance,TOTAL,3935,7869767.0,C:\Phonepe_data\pulse\data\aggregated\insurance\country\india\state\himachal-pradesh\2023\3.json
Himachal Pradesh,2023,4,Insurance,TOTAL,5211,11898824.0,C:\Phonepe_data\pulse\data\aggregated\insurance\country\india\state\himachal-pradesh\2023\4.json
Himachal Pradesh,2024,1,Insurance,TOTAL,5430,10433254.0,C:\Phonepe_data\pulse\data\aggregated\insurance\country\india\state\himachal-pradesh\2024\1.json
Himachal Pradesh,2024,2,Insurance,TOTAL,5194,10008705.0,C:\Phonepe_data\pulse\data\aggregated\insurance\country\india\state\himachal-pradesh\2024\2.json
Himachal Pradesh,2024,3,Insurance,TOTAL,5272,10538999.0,C:\Phonepe_data\pulse\data\aggregated\insurance\country\india\state\himachal-pradesh\2024\3.json
Himachal Pradesh,2024,4,Insurance,TOTAL,6697,14090523.0,C:\Phonepe_data\pulse\data\aggregated\insurance\country\india\state\himachal-pradesh\2024\4.json
Jammu & Kashmir,2020,2,Insurance,TOTAL,206,48484.0,C:\Phonepe_data\pulse\data\aggregated\insurance\country\india\state\jammu-&-kashmir\2020\2.json
Jammu & Kashmir,2020,3,Insurance,TOTAL,441,133339.0,C:\Phonepe_data\pulse\data\aggregated\insurance\country\india\state\jammu-&-kashmir\2020\3.json
Jammu & Kashmir,2020,4,Insurance,TOTAL,647,734861.0,C:\Phonepe_data\pulse\data\aggregated\insurance\country\india\state\jammu-&-kashmir\2020\4.json
Jammu & Kashmir,2021,1,Insurance,TOTAL,1105,1546288.0,C:\Phonepe_data\pulse\data\aggregated\insurance\country\india\state\jammu-&-kashmir\2021\1.json
Jammu & Kashmir,2021,2,Insurance,TOTAL,1197,1832089.0,C:\Phonepe_data\pulse\data\aggregated\insurance\country\india\state\jammu-&-kashmir\2021\2.json
Jammu & Kashmir,2021,3,Insurance,TOTAL,1452,2139133.0,C:\Phonepe_data\pulse\data\aggregated\insurance\country\india\state\jammu-&-kashmir\2021\3.json
Jammu & Kashmir,2021,4,Insurance,TOTAL,3113,5223317.0,C:\Phonepe_data\pulse\data\aggregated\insurance\country\india\state\jammu-&-kashmir\2021\4.json
Jammu & Kashmir,2022,1,Insurance,TOTAL,3584,7244267.0,C:\Phonepe_data\pulse\data\aggregated\insurance\country\india\state\jammu-&-kashmir\2022\1.json
Jammu & Kashmir,2022,2,Insurance,TOTAL,4071,7729792.0,C:\Phonepe_data\pulse\data\aggregated\insurance\country\india\state\jammu-&-kashmir\2022\2.json
Jammu & Kashmir,2022,3,Insurance,TOTAL,4794,8281826.0,C:\Phonepe_data\pulse\data\aggregated\insurance\country\india\state\jammu-&-kashmir\2022\3.json
Jammu & Kashmir,2022,4,Insurance,TOTAL,5031,10111183.0,C:\Phonepe_data\pulse\data\aggregated\insurance\country\india\state\jammu-&-kashmir\2022\4.json
Jammu & Kashmir,2023,1,Insurance,TOTAL,4555,10275877.0,C:\Phonepe_data\pulse\data\aggregated\insurance\country\india\state\jammu-&-kashmir\2023\1.json
Jammu & Kashmir,2023,2,Insurance,TOTAL,5262,10974839.0,C:\Phonepe_data\pulse\data\aggregated\insurance\country\india\state\jammu-&-kashmir\2023\2.json
Jammu & Kashmir,2023,3,Insurance,TOTAL,5453,10975874.0,C:\Phonepe_data\pulse\data\aggregated\insurance\country\india\state\jammu-&-kashmir\2023\3.json
Jammu & Kashmir,2023,4,Insurance,TOTAL,6264,13932309.0,C:\Phonepe_data\pulse\data\aggregated\insurance\country\india\state\jammu-&-kashmir\2023\4.json
Jammu & Kashmir,2024,1,Insurance,TOTAL,7313,14695182.0,C:\Phonepe_data\pulse\data\aggregated\insurance\country\india\state\jammu-&-kashmir\2024\1.json
Jammu & Kashmir,2024,2,Insurance,TOTAL,7397,14237707.0,C:\Phonepe_data\pulse\data\aggregated\insurance\country\india\state\jammu-&-kashmir\2024\2.json
Jammu & Kashmir,2024,3,Insurance,TOTAL,7597,15554635.0,C:\Phonepe_data\pulse\data\aggregated\insurance\country\india\state\jammu-&-kashmir\2024\3.json
Jammu & Kashmir,2024,4,Insurance,TOTAL,8893,18252110.0,C:\Phonepe_data\pulse\data\aggregated\insurance\country\india\state\jammu-&-kashmir\2024\4.json
Jharkhand,2020,2,Insurance,TOTAL,2063,405031.0,C:\Phonepe_data\pulse\data\aggregated\insurance\country\india\state\jharkhand\2020\2.json
Jharkhand,2020,3,Insurance,TOTAL,5368,1349934.0,C:\Phonepe_data\pulse\data\aggregated\insurance\country\india\state\jharkhand\2020\3.json
Jharkhand,2020,4,Insurance,TOTAL,3659,2857024.0,C:\Phonepe_data\pulse\data\aggregated\insurance\country\india\state\jharkhand\2020\4.json
Jharkhand,2021,1,Insurance,TOTAL,4879,3274851.0,C:\Phonepe_data\pulse\data\aggregated\insurance\country\india\state\jharkhand\2021\1.json
Jharkhand,2021,2,Insurance,TOTAL,5180,5084230.0,C:\Phonepe_data\pulse\data\aggregated\insurance\country\india\state\jharkhand\2021\2.json
Jharkhand,2021,3,Insurance,TOTAL,6794,7046048.0,C:\Phonepe_data\pulse\data\aggregated\insurance\country\india\state\jharkhand\2021\3.json
Jharkhand,2021,4,Insurance,TOTAL,8465,11190423.0,C:\Phonepe_data\pulse\data\aggregated\insurance\country\india\state\jharkhand\2021\4.json
Jharkhand,2022,1,Insurance,TOTAL,9373,13819466.0,C:\Phonepe_data\pulse\data\aggregated\insurance\country\india\state\jharkhand\2022\1.json
Jharkhand,2022,2,Insurance,TOTAL,9477,13464840.0,C:\Phonepe_data\pulse\data\aggregated\insurance\country\india\state\jharkhand\2022\2.json
Jharkhand,2022,3,Insurance,TOTAL,14388,18156857.0,C:\Phonepe_data\pulse\data\aggregated\insurance\country\india\state\jharkhand\2022\3.json
Jharkhand,2022,4,Insurance,TOTAL,16779,23147805.0,C:\Phonepe_data\pulse\data\aggregated\insurance\country\india\state\jharkhand\2022\4.json
Jharkhand,2023,1,Insurance,TOTAL,16108,23823406.0,C:\Phonepe_data\pulse\data\aggregated\insurance\country\india\state\jharkhand\2023\1.json
Jharkhand,2023,2,Insurance,TOTAL,16662,23216215.0,C:\Phonepe_data\pulse\data\aggregated\insurance\country\india\state\jharkhand\2023\2.json
Jharkhand,2023,3,Insurance,TOTAL,19478,25165702.0,C:\Phonepe_data\pulse\data\aggregated\insurance\country\india\state\jharkhand\2023\3.json
Jharkhand,2023,4,Insurance,TOTAL,22398,33484644.0,C:\Phonepe_data\pulse\data\aggregated\insurance\country\india\state\jharkhand\2023\4.json
Jharkhand,2024,1,Insurance,TOTAL,24824,34332990.0,C:\Phonepe_data\pulse\data\aggregated\insurance\country\india\state\jharkhand\2024\1.json
Jharkhand,2024,2,Insurance,TOTAL,22224,32245129.0,C:\Phonepe_data\pulse\data\aggregated\insurance\country\india\state\jharkhand\2024\2.json
Jharkhand,2024,3,Insurance,TOTAL,23629,34353146.0,C:\Phonepe_data\pulse\data\aggregated\insurance\country\india\state\jharkhand\2024\3.json
Jharkhand,2024,4,Insurance,TOTAL,29079,42253614.0,C:\Phonepe_data\pulse\data\aggregated\insurance\country\india\state\jharkhand\2024\4.json
Karnataka,2020,2,Insurance,TOTAL,27358,4794150.0,C:\Phonepe_data\pulse\data\aggregated\insurance\country\india\state\karnataka\2020\2.json
Karnataka,2020,3,Insurance,TOTAL,53701,12407394.0,C:\Phonepe_data\pulse\data\aggregated\insurance\country\india\state\karnataka\2020\3.json
Karnataka,2020,4,Insurance,TOTAL,31747,26814968.0,C:\Phonepe_data\pulse\data\aggregated\insurance\country\india\state\karnataka\2020\4.json
Karnataka,2021,1,Insurance,TOTAL,37595,30183325.0,C:\Phonepe_data\pulse\data\aggregated\insurance\country\india\state\karnataka\2021\1.json
Karnataka,2021,2,Insurance,TOTAL,40969,39501006.0,C:\Phonepe_data\pulse\data\aggregated\insurance\country\india\state\karnataka\2021\2.json
Karnataka,2021,3,Insurance,TOTAL,47468,48078366.0,C:\Phonepe_data\pulse\data\aggregated\insurance\country\india\state\karnataka\2021\3.json
Karnataka,2021,4,Insurance,TOTAL,74436,90723288.0,C:\Phonepe_data\pulse\data\aggregated\insurance\country\india\state\karnataka\2021\4.json
Karnataka,2022,1,Insurance,TOTAL,95640,130733580.0,C:\Phonepe_data\pulse\data\aggregated\insurance\country\india\state\karnataka\2022\1.json
Karnataka,2022,2,Insurance,TOTAL,93385,123228632.0,C:\Phonepe_data\pulse\data\aggregated\insurance\country\india\state\karnataka\2022\2.json
Karnataka,2022,3,Insurance,TOTAL,110273,144605784.0,C:\Phonepe_data\pulse\data\aggregated\insurance\country\india\state\karnataka\2022\3.json
Karnataka,2022,4,Insurance,TOTAL,133971,185063287.0,C:\Phonepe_data\pulse\data\aggregated\insurance\country\india\state\karnataka\2022\4.json
Karnataka,2023,1,Insurance,TOTAL,127376,186543426.0,C:\Phonepe_data\pulse\data\aggregated\insurance\country\india\state\karnataka\2023\1.json
Karnataka,2023,2,Insurance,TOTAL,117232,175704013.0,C:\Phonepe_data\pulse\data\aggregated\insurance\country\india\state\karnataka\2023\2.json
Karnataka,2023,3,Insurance,TOTAL,139699,199448538.0,C:\Phonepe_data\pulse\data\aggregated\insurance\country\india\state\karnataka\2023\3.json
Karnataka,2023,4,Insurance,TOTAL,156076,248056311.0,C:\Phonepe_data\pulse\data\aggregated\insurance\country\india\state\karnataka\2023\4.json
Karnataka,2024,1,Insurance,TOTAL,169357,264708700.0,C:\Phonepe_data\pulse\data\aggregated\insurance\country\india\state\karnataka\2024\1.json
Karnataka,2024,2,Insurance,TOTAL,142599,239304982.0,C:\Phonepe_data\pulse\data\aggregated\insurance\country\india\state\karnataka\2024\2.json
Karnataka,2024,3,Insurance,TOTAL,174990,287393291.0,C:\Phonepe_data\pulse\data\aggregated\insurance\country\india\state\karnataka\2024\3.json
Karnataka,2024,4,Insurance,TOTAL,183532,305861806.0,C:\Phonepe_data\pulse\data\aggregated\insurance\country\india\state\karnataka\2024\4.json
Kerala,2020,2,Insurance,TOTAL,1588,360216.0,C:\Phonepe_data\pulse\data\aggregated\insurance\country\india\state\kerala\2020\2.json
Kerala,2020,3,Insurance,TOTAL,8811,2830361.0,C:\Phonepe_data\pulse\data\aggregated\insurance\country\india\state\kerala\2020\3.json
Kerala,2020,4,Insurance,TOTAL,5479,4445525.0,C:\Phonepe_data\pulse\data\aggregated\insurance\country\india\state\kerala\2020\4.json
Kerala,2021,1,Insurance,TOTAL,5731,5040506.0,C:\Phonepe_data\pulse\data\aggregated\insurance\country\india\state\kerala\2021\1.json
Kerala,2021,2,Insurance,TOTAL,9530,9676588.0,C:\Phonepe_data\pulse\data\aggregated\insurance\country\india\state\kerala\2021\2.json
Kerala,2021,3,Insurance,TOTAL,10926,13255646.0,C:\Phonepe_data\pulse\data\aggregated\insurance\country\india\state\kerala\2021\3.json
Kerala,2021,4,Insurance,TOTAL,19199,31260319.0,C:\Phonepe_data\pulse\data\aggregated\insurance\country\india\state\kerala\2021\4.json
Kerala,2022,1,Insurance,TOTAL,37110,64172190.0,C:\Phonepe_data\pulse\data\aggregated\insurance\country\india\state\kerala\2022\1.json
Kerala,2022,2,Insurance,TOTAL,35667,59920203.0,C:\Phonepe_data\pulse\data\aggregated\insurance\country\india\state\kerala\2022\2.json
Kerala,2022,3,Insurance,TOTAL,54587,85390924.0,C:\Phonepe_data\pulse\data\aggregated\insurance\country\india\state\kerala\2022\3.json
Kerala,2022,4,Insurance,TOTAL,65563,103982997.0,C:\Phonepe_data\pulse\data\aggregated\insurance\country\india\state\kerala\2022\4.json
Kerala,2023,1,Insurance,TOTAL,62377,101786828.0,C:\Phonepe_data\pulse\data\aggregated\insurance\country\india\state\kerala\2023\1.json
Kerala,2023,2,Insurance,TOTAL,61032,100620604.0,C:\Phonepe_data\pulse\data\aggregated\insurance\country\india\state\kerala\2023\2.json
Kerala,2023,3,Insurance,TOTAL,66059,110021582.0,C:\Phonepe_data\pulse\data\aggregated\insurance\country\india\state\kerala\2023\3.json
Kerala,2023,4,Insurance,TOTAL,73543,121905046.0,C:\Phonepe_data\pulse\data\aggregated\insurance\country\india\state\kerala\2023\4.json
Kerala,2024,1,Insurance,TOTAL,73106,115101791.0,C:\Phonepe_data\pulse\data\aggregated\insurance\country\india\state\kerala\2024\1.json
Kerala,2024,2,Insurance,TOTAL,65271,108142369.0,C:\Phonepe_data\pulse\data\aggregated\insurance\country\india\state\kerala\2024\2.json
Kerala,2024,3,Insurance,TOTAL,79123,131721699.0,C:\Phonepe_data\pulse\data\aggregated\insurance\country\india\state\kerala\2024\3.json
Kerala,2024,4,Insurance,TOTAL,89533,144083113.0,C:\Phonepe_data\pulse\data\aggregated\insurance\country\india\state\kerala\2024\4.json
Ladakh,2020,2,Insurance,TOTAL,14,2538.0,C:\Phonepe_data\pulse\data\aggregated\insurance\country\india\state\ladakh\2020\2.json
Ladakh,2020,3,Insurance,TOTAL,33,10260.0,C:\Phonepe_data\pulse\data\aggregated\insurance\country\india\state\ladakh\2020\3.json
Ladakh,2020,4,Insurance,TOTAL,27,34206.0,C:\Phonepe_data\pulse\data\aggregated\insurance\country\india\state\ladakh\2020\4.json
Ladakh,2021,1,Insurance,TOTAL,32,34530.0,C:\Phonepe_data\pulse\data\aggregated\insurance\country\india\state\ladakh\2021\1.json
Ladakh,2021,2,Insurance,TOTAL,46,86251.0,C:\Phonepe_data\pulse\data\aggregated\insurance\country\india\state\ladakh\2021\2.json
Ladakh,2021,3,Insurance,TOTAL,192,174052.0,C:\Phonepe_data\pulse\data\aggregated\insurance\country\india\state\ladakh\2021\3.json
Ladakh,2021,4,Insurance,TOTAL,76,195966.0,C:\Phonepe_data\pulse\data\aggregated\insurance\country\india\state\ladakh\2021\4.json
Ladakh,2022,1,Insurance,TOTAL,75,193935.0,C:\Phonepe_data\pulse\data\aggregated\insurance\country\india\state\ladakh\2022\1.json
Ladakh,2022,2,Insurance,TOTAL,113,269446.0,C:\Phonepe_data\pulse\data\aggregated\insurance\country\india\state\ladakh\2022\2.json
Ladakh,2022,3,Insurance,TOTAL,137,369742.0,C:\Phonepe_data\pulse\data\aggregated\insurance\country\india\state\ladakh\2022\3.json
Ladakh,2022,4,Insurance,TOTAL,162,410091.0,C:\Phonepe_data\pulse\data\aggregated\insurance\country\india\state\ladakh\2022\4.json
Ladakh,2023,1,Insurance,TOTAL,161,495736.0,C:\Phonepe_data\pulse\data\aggregated\insurance\country\india\state\ladakh\2023\1.json
Ladakh,2023,2,Insurance,TOTAL,215,635831.0,C:\Phonepe_data\pulse\data\aggregated\insurance\country\india\state\ladakh\2023\2.json
Ladakh,2023,3,Insurance,TOTAL,232,649027.0,C:\Phonepe_data\pulse\data\aggregated\insurance\country\india\state\ladakh\2023\3.json
Ladakh,2023,4,Insurance,TOTAL,242,718967.0,C:\Phonepe_data\pulse\data\aggregated\insurance\country\india\state\ladakh\2023\4.json
Ladakh,2024,1,Insurance,TOTAL,291,614435.0,C:\Phonepe_data\pulse\data\aggregated\insurance\country\india\state\ladakh\2024\1.json
Ladakh,2024,2,Insurance,TOTAL,415,964349.0,C:\Phonepe_data\pulse\data\aggregated\insurance\country\india\state\ladakh\2024\2.json
Ladakh,2024,3,Insurance,TOTAL,446,978637.0,C:\Phonepe_data\pulse\data\aggregated\insurance\country\india\state\ladakh\2024\3.json
Ladakh,2024,4,Insurance,TOTAL,429,970334.0,C:\Phonepe_data\pulse\data\aggregated\insurance\country\india\state\ladakh\2024\4.json
Lakshadweep,2020,3,Insurance,TOTAL,4,1199.0,C:\Phonepe_data\pulse\data\aggregated\insurance\country\india\state\lakshadweep\2020\3.json
Lakshadweep,2021,1,Insurance,TOTAL,4,5225.0,C:\Phonepe_data\pulse\data\aggregated\insurance\country\india\state\lakshadweep\2021\1.json
Lakshadweep,2021,2,Insurance,TOTAL,5,6962.0,C:\Phonepe_data\pulse\data\aggregated\insurance\country\india\state\lakshadweep\2021\2.json
Lakshadweep,2021,3,Insurance,TOTAL,19,16034.0,C:\Phonepe_data\pulse\data\aggregated\insurance\country\india\state\lakshadweep\2021\3.json
Lakshadweep,2021,4,Insurance,TOTAL,11,17096.0,C:\Phonepe_data\pulse\data\aggregated\insurance\country\india\state\lakshadweep\2021\4.json
Lakshadweep,2022,1,Insurance,TOTAL,27,34664.0,C:\Phonepe_data\pulse\data\aggregated\insurance\country\india\state\lakshadweep\2022\1.json
Lakshadweep,2022,2,Insurance,TOTAL,18,27463.0,C:\Phonepe_data\pulse\data\aggregated\insurance\country\india\state\lakshadweep\2022\2.json
Lakshadweep,2022,3,Insurance,TOTAL,38,41504.0,C:\Phonepe_data\pulse\data\aggregated\insurance\country\india\state\lakshadweep\2022\3.json
Lakshadweep,2022,4,Insurance,TOTAL,15,27135.0,C:\Phonepe_data\pulse\data\aggregated\insurance\country\india\state\lakshadweep\2022\4.json
Lakshadweep,2023,1,Insurance,TOTAL,26,30199.0,C:\Phonepe_data\pulse\data\aggregated\insurance\country\india\state\lakshadweep\2023\1.json
Lakshadweep,2023,2,Insurance,TOTAL,15,38384.0,C:\Phonepe_data\pulse\data\aggregated\insurance\country\india\state\lakshadweep\2023\2.json
Lakshadweep,2023,3,Insurance,TOTAL,12,12407.0,C:\Phonepe_data\pulse\data\aggregated\insurance\country\india\state\lakshadweep\2023\3.json
Lakshadweep,2023,4,Insurance,TOTAL,53,78346.0,C:\Phonepe_data\pulse\data\aggregated\insurance\country\india\state\lakshadweep\2023\4.json
Lakshadweep,2024,1,Insurance,TOTAL,15,12935.0,C:\Phonepe_data\pulse\data\aggregated\insurance\country\india\state\lakshadweep\2024\1.json
Lakshadweep,2024,2,Insurance,TOTAL,26,33630.0,C:\Phonepe_data\pulse\data\aggregated\insurance\country\india\state\lakshadweep\2024\2.json
Lakshadweep,2024,3,Insurance,TOTAL,49,55312.0,C:\Phonepe_data\pulse\data\aggregated\insurance\country\india\state\lakshadweep\2024\3.json
Lakshadweep,2024,4,Insurance,TOTAL,159,185542.0,C:\Phonepe_data\pulse\data\aggregated\insurance\country\india\state\lakshadweep\2024\4.json
Madhya Pradesh,2020,2,Insurance,TOTAL,6283,1198701.0,C:\Phonepe_data\pulse\data\aggregated\insurance\country\india\state\madhya-pradesh\2020\2.json
Madhya Pradesh,2020,3,Insurance,TOTAL,14476,3496126.0,C:\Phonepe_data\pulse\data\aggregated\insurance\country\india\state\madhya-pradesh\2020\3.json
Madhya Pradesh,2020,4,Insurance,TOTAL,10653,4897124.0,C:\Phonepe_data\pulse\data\aggregated\insurance\country\india\state\madhya-pradesh\2020\4.json
Madhya Pradesh,2021,1,Insurance,TOTAL,14427,5567927.0,C:\Phonepe_data\pulse\data\aggregated\insurance\country\india\state\madhya-pradesh\2021\1.json
Madhya Pradesh,2021,2,Insurance,TOTAL,14803,9787391.0,C:\Phonepe_data\pulse\data\aggregated\insurance\country\india\state\madhya-pradesh\2021\2.json
Madhya Pradesh,2021,3,Insurance,TOTAL,11990,7806258.0,C:\Phonepe_data\pulse\data\aggregated\insurance\country\india\state\madhya-pradesh\2021\3.json
Madhya Pradesh,2021,4,Insurance,TOTAL,15069,17524432.0,C:\Phonepe_data\pulse\data\aggregated\insurance\country\india\state\madhya-pradesh\2021\4.json
Madhya Pradesh,2022,1,Insurance,TOTAL,13791,19901462.0,C:\Phonepe_data\pulse\data\aggregated\insurance\country\india\state\madhya-pradesh\2022\1.json
Madhya Pradesh,2022,2,Insurance,TOTAL,14629,20159098.0,C:\Phonepe_data\pulse\data\aggregated\insurance\country\india\state\madhya-pradesh\2022\2.json
Madhya Pradesh,2022,3,Insurance,TOTAL,22733,29185118.0,C:\Phonepe_data\pulse\data\aggregated\insurance\country\india\state\madhya-pradesh\2022\3.json
Madhya Pradesh,2022,4,Insurance,TOTAL,29234,42712883.0,C:\Phonepe_data\pulse\data\aggregated\insurance\country\india\state\madhya-pradesh\2022\4.json
Madhya Pradesh,2023,1,Insurance,TOTAL,26393,45135679.0,C:\Phonepe_data\pulse\data\aggregated\insurance\country\india\state\madhya-pradesh\2023\1.json
Madhya Pradesh,2023,2,Insurance,TOTAL,27027,44871764.0,C:\Phonepe_data\pulse\data\aggregated\insurance\country\india\state\madhya-pradesh\2023\2.json
Madhya Pradesh,2023,3,Insurance,TOTAL,29300,46963348.0,C:\Phonepe_data\pulse\data\aggregated\insurance\country\india\state\madhya-pradesh\2023\3.json
Madhya Pradesh,2023,4,Insurance,TOTAL,40784,73801070.0,C:\Phonepe_data\pulse\data\aggregated\insurance\country\india\state\madhya-pradesh\2023\4.json
Madhya Pradesh,2024,1,Insurance,TOTAL,51223,85215982.0,C:\Phonepe_data\pulse\data\aggregated\insurance\country\india\state\madhya-pradesh\2024\1.json
Madhya Pradesh,2024,2,Insurance,TOTAL,41429,73836667.0,C:\Phonepe_data\pulse\data\aggregated\insurance\country\india\state\madhya-pradesh\2024\2.json
Madhya Pradesh,2024,3,Insurance,TOTAL,43248,77995668.0,C:\Phonepe_data\pulse\data\aggregated\insurance\country\india\state\madhya-pradesh\2024\3.json
Madhya Pradesh,2024,4,Insurance,TOTAL,59688,101096769.0,C:\Phonepe_data\pulse\data\aggregated\insurance\country\india\state\madhya-pradesh\2024\4.json
Maharashtra,2020,2,Insurance,TOTAL,39836,6879717.0,C:\Phonepe_data\pulse\data\aggregated\insurance\country\india\state\maharashtra\2020\2.json
Maharashtra,2020,3,Insurance,TOTAL,71662,19230156.0,C:\Phonepe_data\pulse\data\aggregated\insurance\country\india\state\maharashtra\2020\3.json
Maharashtra,2020,4,Insurance,TOTAL,44798,27113814.0,C:\Phonepe_data\pulse\data\aggregated\insurance\country\india\state\maharashtra\2020\4.json
Maharashtra,2021,1,Insurance,TOTAL,55792,33137753.0,C:\Phonepe_data\pulse\data\aggregated\insurance\country\india\state\maharashtra\2021\1.json
Maharashtra,2021,2,Insurance,TOTAL,70381,46763103.0,C:\Phonepe_data\pulse\data\aggregated\insurance\country\india\state\maharashtra\2021\2.json
Maharashtra,2021,3,Insurance,TOTAL,52268,41313307.0,C:\Phonepe_data\pulse\data\aggregated\insurance\country\india\state\maharashtra\2021\3.json
Maharashtra,2021,4,Insurance,TOTAL,82423,93262227.0,C:\Phonepe_data\pulse\data\aggregated\insurance\country\india\state\maharashtra\2021\4.json
Maharashtra,2022,1,Insurance,TOTAL,88015,117411928.0,C:\Phonepe_data\pulse\data\aggregated\insurance\country\india\state\maharashtra\2022\1.json
Maharashtra,2022,2,Insurance,TOTAL,80935,104603934.0,C:\Phonepe_data\pulse\data\aggregated\insurance\country\india\state\maharashtra\2022\2.json
Maharashtra,2022,3,Insurance,TOTAL,90958,113835208.0,C:\Phonepe_data\pulse\data\aggregated\insurance\country\india\state\maharashtra\2022\3.json
Maharashtra,2022,4,Insurance,TOTAL,125900,174915648.0,C:\Phonepe_data\pulse\data\aggregated\insurance\country\india\state\maharashtra\2022\4.json
Maharashtra,2023,1,Insurance,TOTAL,112174,166596248.0,C:\Phonepe_data\pulse\data\aggregated\insurance\country\india\state\maharashtra\2023\1.json
Maharashtra,2023,2,Insurance,TOTAL,102754,157303399.0,C:\Phonepe_data\pulse\data\aggregated\insurance\country\india\state\maharashtra\2023\2.json
Maharashtra,2023,3,Insurance,TOTAL,104872,151171882.0,C:\Phonepe_data\pulse\data\aggregated\insurance\country\india\state\maharashtra\2023\3.json
Maharashtra,2023,4,Insurance,TOTAL,136968,217657114.0,C:\Phonepe_data\pulse\data\aggregated\insurance\country\india\state\maharashtra\2023\4.json
Maharashtra,2024,1,Insurance,TOTAL,149016,224725389.0,C:\Phonepe_data\pulse\data\aggregated\insurance\country\india\state\maharashtra\2024\1.json
Maharashtra,2024,2,Insurance,TOTAL,118933,198945046.0,C:\Phonepe_data\pulse\data\aggregated\insurance\country\india\state\maharashtra\2024\2.json
Maharashtra,2024,3,Insurance,TOTAL,119776,201319952.0,C:\Phonepe_data\pulse\data\aggregated\insurance\country\india\state\maharashtra\2024\3.json
Maharashtra,2024,4,Insurance,TOTAL,168078,266942711.0,C:\Phonepe_data\pulse\data\aggregated\insurance\country\india\state\maharashtra\2024\4.json
Manipur,2020,2,Insurance,TOTAL,55,12554.0,C:\Phonepe_data\pulse\data\aggregated\insurance\country\india\state\manipur\2020\2.json
Manipur,2020,3,Insurance,TOTAL,134,45164.0,C:\Phonepe_data\pulse\data\aggregated\insurance\country\india\state\manipur\2020\3.json
Manipur,2020,4,Insurance,TOTAL,90,49057.0,C:\Phonepe_data\pulse\data\aggregated\insurance\country\india\state\manipur\2020\4.json
Manipur,2021,1,Insurance,TOTAL,136,72254.0,C:\Phonepe_data\pulse\data\aggregated\insurance\country\india\state\manipur\2021\1.json
Manipur,2021,2,Insurance,TOTAL,127,81332.0,C:\Phonepe_data\pulse\data\aggregated\insurance\country\india\state\manipur\2021\2.json
Manipur,2021,3,Insurance,TOTAL,111,133016.0,C:\Phonepe_data\pulse\data\aggregated\insurance\country\india\state\manipur\2021\3.json
Manipur,2021,4,Insurance,TOTAL,145,271789.0,C:\Phonepe_data\pulse\data\aggregated\insurance\country\india\state\manipur\2021\4.json
Manipur,2022,1,Insurance,TOTAL,177,517854.0,C:\Phonepe_data\pulse\data\aggregated\insurance\country\india\state\manipur\2022\1.json
Manipur,2022,2,Insurance,TOTAL,218,553649.0,C:\Phonepe_data\pulse\data\aggregated\insurance\country\india\state\manipur\2022\2.json
Manipur,2022,3,Insurance,TOTAL,200,403213.0,C:\Phonepe_data\pulse\data\aggregated\insurance\country\india\state\manipur\2022\3.json
Manipur,2022,4,Insurance,TOTAL,271,620655.0,C:\Phonepe_data\pulse\data\aggregated\insurance\country\india\state\manipur\2022\4.json
Manipur,2023,1,Insurance,TOTAL,222,632084.0,C:\Phonepe_data\pulse\data\aggregated\insurance\country\india\state\manipur\2023\1.json
Manipur,2023,2,Insurance,TOTAL,123,341671.0,C:\Phonepe_data\pulse\data\aggregated\insurance\country\india\state\manipur\2023\2.json
Manipur,2023,3,Insurance,TOTAL,76,193021.0,C:\Phonepe_data\pulse\data\aggregated\insurance\country\india\state\manipur\2023\3.json
Manipur,2023,4,Insurance,TOTAL,225,476626.0,C:\Phonepe_data\pulse\data\aggregated\insurance\country\india\state\manipur\2023\4.json
Manipur,2024,1,Insurance,TOTAL,385,685052.0,C:\Phonepe_data\pulse\data\aggregated\insurance\country\india\state\manipur\2024\1.json
Manipur,2024,2,Insurance,TOTAL,346,647411.0,C:\Phonepe_data\pulse\data\aggregated\insurance\country\india\state\manipur\2024\2.json
Manipur,2024,3,Insurance,TOTAL,285,587893.0,C:\Phonepe_data\pulse\data\aggregated\insurance\country\india\state\manipur\2024\3.json
Manipur,2024,4,Insurance,TOTAL,405,826159.0,C:\Phonepe_data\pulse\data\aggregated\insurance\country\india\state\manipur\2024\4.json
Meghalaya,2020,2,Insurance,TOTAL,41,8829.0,C:\Phonepe_data\pulse\data\aggregated\insurance\country\india\state\meghalaya\2020\2.json
Meghalaya,2020,3,Insurance,TOTAL,112,33615.0,C:\Phonepe_data\pulse\data\aggregated\insurance\country\india\state\meghalaya\2020\3.json
Meghalaya,2020,4,Insurance,TOTAL,92,71029.0,C:\Phonepe_data\pulse\data\aggregated\insurance\country\india\state\meghalaya\2020\4.json
Meghalaya,2021,1,Insurance,TOTAL,107,128776.0,C:\Phonepe_data\pulse\data\aggregated\insurance\country\india\state\meghalaya\2021\1.json
Meghalaya,2021,2,Insurance,TOTAL,139,148434.0,C:\Phonepe_data\pulse\data\aggregated\insurance\country\india\state\meghalaya\2021\2.json
Meghalaya,2021,3,Insurance,TOTAL,139,214554.0,C:\Phonepe_data\pulse\data\aggregated\insurance\country\india\state\meghalaya\2021\3.json
Meghalaya,2021,4,Insurance,TOTAL,263,451612.0,C:\Phonepe_data\pulse\data\aggregated\insurance\country\india\state\meghalaya\2021\4.json
Meghalaya,2022,1,Insurance,TOTAL,337,729211.0,C:\Phonepe_data\pulse\data\aggregated\insurance\country\india\state\meghalaya\2022\1.json
Meghalaya,2022,2,Insurance,TOTAL,379,789094.0,C:\Phonepe_data\pulse\data\aggregated\insurance\country\india\state\meghalaya\2022\2.json
Meghalaya,2022,3,Insurance,TOTAL,600,1039491.0,C:\Phonepe_data\pulse\data\aggregated\insurance\country\india\state\meghalaya\2022\3.json
Meghalaya,2022,4,Insurance,TOTAL,627,1189529.0,C:\Phonepe_data\pulse\data\aggregated\insurance\country\india\state\meghalaya\2022\4.json
Meghalaya,2023,1,Insurance,TOTAL,562,1187523.0,C:\Phonepe_data\pulse\data\aggregated\insurance\country\india\state\meghalaya\2023\1.json
Meghalaya,2023,2,Insurance,TOTAL,730,1551577.0,C:\Phonepe_data\pulse\data\aggregated\insurance\country\india\state\meghalaya\2023\2.json
Meghalaya,2023,3,Insurance,TOTAL,809,1728076.0,C:\Phonepe_data\pulse\data\aggregated\insurance\country\india\state\meghalaya\2023\3.json
Meghalaya,2023,4,Insurance,TOTAL,806,1843364.0,C:\Phonepe_data\pulse\data\aggregated\insurance\country\india\state\meghalaya\2023\4.json
Meghalaya,2024,1,Insurance,TOTAL,1030,1987107.0,C:\Phonepe_data\pulse\data\aggregated\insurance\country\india\state\meghalaya\2024\1.json
Meghalaya,2024,2,Insurance,TOTAL,1235,2318007.0,C:\Phonepe_data\pulse\data\aggregated\insurance\country\india\state\meghalaya\2024\2.json
Meghalaya,2024,3,Insurance,TOTAL,1140,2443878.0,C:\Phonepe_data\pulse\data\aggregated\insurance\country\india\state\meghalaya\2024\3.json
Meghalaya,2024,4,Insurance,TOTAL,1313,2493656.0,C:\Phonepe_data\pulse\data\aggregated\insurance\country\india\state\meghalaya\2024\4.json
Mizoram,2020,2,Insurance,TOTAL,31,7322.0,C:\Phonepe_data\pulse\data\aggregated\insurance\country\india\state\mizoram\2020\2.json
Mizoram,2020,3,Insurance,TOTAL,74,24691.0,C:\Phonepe_data\pulse\data\aggregated\insurance\country\india\state\mizoram\2020\3.json
Mizoram,2020,4,Insurance,TOTAL,81,119124.0,C:\Phonepe_data\pulse\data\aggregated\insurance\country\india\state\mizoram\2020\4.json
Mizoram,2021,1,Insurance,TOTAL,415,302841.0,C:\Phonepe_data\pulse\data\aggregated\insurance\country\india\state\mizoram\2021\1.json
Mizoram,2021,2,Insurance,TOTAL,187,124805.0,C:\Phonepe_data\pulse\data\aggregated\insurance\country\india\state\mizoram\2021\2.json
Mizoram,2021,3,Insurance,TOTAL,81,83641.0,C:\Phonepe_data\pulse\data\aggregated\insurance\country\india\state\mizoram\2021\3.json
Mizoram,2021,4,Insurance,TOTAL,100,175847.0,C:\Phonepe_data\pulse\data\aggregated\insurance\country\india\state\mizoram\2021\4.json
Mizoram,2022,1,Insurance,TOTAL,85,189428.0,C:\Phonepe_data\pulse\data\aggregated\insurance\country\india\state\mizoram\2022\1.json
Mizoram,2022,2,Insurance,TOTAL,76,115090.0,C:\Phonepe_data\pulse\data\aggregated\insurance\country\india\state\mizoram\2022\2.json
Mizoram,2022,3,Insurance,TOTAL,310,471306.0,C:\Phonepe_data\pulse\data\aggregated\insurance\country\india\state\mizoram\2022\3.json
Mizoram,2022,4,Insurance,TOTAL,350,612551.0,C:\Phonepe_data\pulse\data\aggregated\insurance\country\india\state\mizoram\2022\4.json
Mizoram,2023,1,Insurance,TOTAL,171,326688.0,C:\Phonepe_data\pulse\data\aggregated\insurance\country\india\state\mizoram\2023\1.json
Mizoram,2023,2,Insurance,TOTAL,119,232928.0,C:\Phonepe_data\pulse\data\aggregated\insurance\country\india\state\mizoram\2023\2.json
Mizoram,2023,3,Insurance,TOTAL,166,271799.0,C:\Phonepe_data\pulse\data\aggregated\insurance\country\india\state\mizoram\2023\3.json
Mizoram,2023,4,Insurance,TOTAL,312,557950.0,C:\Phonepe_data\pulse\data\aggregated\insurance\country\india\state\mizoram\2023\4.json
Mizoram,2024,1,Insurance,TOTAL,277,427693.0,C:\Phonepe_data\pulse\data\aggregated\insurance\country\india\state\mizoram\2024\1.json
Mizoram,2024,2,Insurance,TOTAL,214,331455.0,C:\Phonepe_data\pulse\data\aggregated\insurance\country\india\state\mizoram\2024\2.json
Mizoram,2024,3,Insurance,TOTAL,186,275746.0,C:\Phonepe_data\pulse\data\aggregated\insurance\country\india\state\mizoram\2024\3.json
Mizoram,2024,4,Insurance,TOTAL,489,811687.0,C:\Phonepe_data\pulse\data\aggregated\insurance\country\india\state\mizoram\2024\4.json
Nagaland,2020,2,Insurance,TOTAL,41,9791.0,C:\Phonepe_data\pulse\data\aggregated\insurance\country\india\state\nagaland\2020\2.json
Nagaland,2020,3,Insurance,TOTAL,89,20798.0,C:\Phonepe_data\pulse\data\aggregated\insurance\country\india\state\nagaland\2020\3.json
Nagaland,2020,4,Insurance,TOTAL,62,38836.0,C:\Phonepe_data\pulse\data\aggregated\insurance\country\india\state\nagaland\2020\4.json
Nagaland,2021,1,Insurance,TOTAL,79,42973.0,C:\Phonepe_data\pulse\data\aggregated\insurance\country\india\state\nagaland\2021\1.json
Nagaland,2021,2,Insurance,TOTAL,85,139479.0,C:\Phonepe_data\pulse\data\aggregated\insurance\country\india\state\nagaland\2021\2.json
Nagaland,2021,3,Insurance,TOTAL,91,123643.0,C:\Phonepe_data\pulse\data\aggregated\insurance\country\india\state\nagaland\2021\3.json
Nagaland,2021,4,Insurance,TOTAL,183,341424.0,C:\Phonepe_data\pulse\data\aggregated\insurance\country\india\state\nagaland\2021\4.json
Nagaland,2022,1,Insurance,TOTAL,242,529223.0,C:\Phonepe_data\pulse\data\aggregated\insurance\country\india\state\nagaland\2022\1.json
Nagaland,2022,2,Insurance,TOTAL,186,380878.0,C:\Phonepe_data\pulse\data\aggregated\insurance\country\india\state\nagaland\2022\2.json
Nagaland,2022,3,Insurance,TOTAL,210,439669.0,C:\Phonepe_data\pulse\data\aggregated\insurance\country\india\state\nagaland\2022\3.json
Nagaland,2022,4,Insurance,TOTAL,367,700864.0,C:\Phonepe_data\pulse\data\aggregated\insurance\country\india\state\nagaland\2022\4.json
Nagaland,2023,1,Insurance,TOTAL,320,704957.0,C:\Phonepe_data\pulse\data\aggregated\insurance\country\india\state\nagaland\2023\1.json
Nagaland,2023,2,Insurance,TOTAL,269,628890.0,C:\Phonepe_data\pulse\data\aggregated\insurance\country\india\state\nagaland\2023\2.json
Nagaland,2023,3,Insurance,TOTAL,268,632287.0,C:\Phonepe_data\pulse\data\aggregated\insurance\country\india\state\nagaland\2023\3.json
Nagaland,2023,4,Insurance,TOTAL,331,822973.0,C:\Phonepe_data\pulse\data\aggregated\insurance\country\india\state\nagaland\2023\4.json
Nagaland,2024,1,Insurance,TOTAL,526,925684.0,C:\Phonepe_data\pulse\data\aggregated\insurance\country\india\state\nagaland\2024\1.json
Nagaland,2024,2,Insurance,TOTAL,418,685292.0,C:\Phonepe_data\pulse\data\aggregated\insurance\country\india\state\nagaland\2024\2.json
Nagaland,2024,3,Insurance,TOTAL,410,820539.0,C:\Phonepe_data\pulse\data\aggregated\insurance\country\india\state\nagaland\2024\3.json
Nagaland,2024,4,Insurance,TOTAL,568,1168417.0,C:\Phonepe_data\pulse\data\aggregated\insurance\country\india\state\nagaland\2024\4.json
Odisha,2020,2,Insurance,TOTAL,2981,615193.0,C:\Phonepe_data\pulse\data\aggregated\insurance\country\india\state\odisha\2020\2.json
Odisha,2020,3,Insurance,TOTAL,10955,2640191.0,C:\Phonepe_data\pulse\data\aggregated\insurance\country\india\state\odisha\2020\3.json
Odisha,2020,4,Insurance,TOTAL,7526,4208701.0,C:\Phonepe_data\pulse\data\aggregated\insurance\country\india\state\odisha\2020\4.json
Odisha,2021,1,Insurance,TOTAL,8236,4383330.0,C:\Phonepe_data\pulse\data\aggregated\insurance\country\india\state\odisha\2021\1.json
Odisha,2021,2,Insurance,TOTAL,7942,5832924.0,C:\Phonepe_data\pulse\data\aggregated\insurance\country\india\state\odisha\2021\2.json
Odisha,2021,3,Insurance,TOTAL,7967,6008686.0,C:\Phonepe_data\pulse\data\aggregated\insurance\country\india\state\odisha\2021\3.json
Odisha,2021,4,Insurance,TOTAL,9093,10941626.0,C:\Phonepe_data\pulse\data\aggregated\insurance\country\india\state\odisha\2021\4.json
Odisha,2022,1,Insurance,TOTAL,9627,14539309.0,C:\Phonepe_data\pulse\data\aggregated\insurance\country\india\state\odisha\2022\1.json
Odisha,2022,2,Insurance,TOTAL,12371,16631095.0,C:\Phonepe_data\pulse\data\aggregated\insurance\country\india\state\odisha\2022\2.json
Odisha,2022,3,Insurance,TOTAL,18898,23308531.0,C:\Phonepe_data\pulse\data\aggregated\insurance\country\india\state\odisha\2022\3.json
Odisha,2022,4,Insurance,TOTAL,24538,33565401.0,C:\Phonepe_data\pulse\data\aggregated\insurance\country\india\state\odisha\2022\4.json
Odisha,2023,1,Insurance,TOTAL,18899,29360555.0,C:\Phonepe_data\pulse\data\aggregated\insurance\country\india\state\odisha\2023\1.json
Odisha,2023,2,Insurance,TOTAL,22163,31307110.0,C:\Phonepe_data\pulse\data\aggregated\insurance\country\india\state\odisha\2023\2.json
Odisha,2023,3,Insurance,TOTAL,20263,29008350.0,C:\Phonepe_data\pulse\data\aggregated\insurance\country\india\state\odisha\2023\3.json
Odisha,2023,4,Insurance,TOTAL,25065,39753392.0,C:\Phonepe_data\pulse\data\aggregated\insurance\country\india\state\odisha\2023\4.json
Odisha,2024,1,Insurance,TOTAL,27977,40032495.0,C:\Phonepe_data\pulse\data\aggregated\insurance\country\india\state\odisha\2024\1.json
Odisha,2024,2,Insurance,TOTAL,24579,36840474.0,C:\Phonepe_data\pulse\data\aggregated\insurance\country\india\state\odisha\2024\2.json
Odisha,2024,3,Insurance,TOTAL,26524,40608651.0,C:\Phonepe_data\pulse\data\aggregated\insurance\country\india\state\odisha\2024\3.json
Odisha,2024,4,Insurance,TOTAL,33165,46973224.0,C:\Phonepe_data\pulse\data\aggregated\insurance\country\india\state\odisha\2024\4.json
Puducherry,2020,2,Insurance,TOTAL,112,22251.0,C:\Phonepe_data\pulse\data\aggregated\insurance\country\india\state\puducherry\2020\2.json
Puducherry,2020,3,Insurance,TOTAL,191,58399.0,C:\Phonepe_data\pulse\data\aggregated\insurance\country\india\state\puducherry\2020\3.json
Puducherry,2020,4,Insurance,TOTAL,234,197955.0,C:\Phonepe_data\pulse\data\aggregated\insurance\country\india\state\puducherry\2020\4.json
Puducherry,2021,1,Insurance,TOTAL,372,351827.0,C:\Phonepe_data\pulse\data\aggregated\insurance\country\india\state\puducherry\2021\1.json
Puducherry,2021,2,Insurance,TOTAL,526,508277.0,C:\Phonepe_data\pulse\data\aggregated\insurance\country\india\state\puducherry\2021\2.json
Puducherry,2021,3,Insurance,TOTAL,561,556442.0,C:\Phonepe_data\pulse\data\aggregated\insurance\country\india\state\puducherry\2021\3.json
Puducherry,2021,4,Insurance,TOTAL,786,946607.0,C:\Phonepe_data\pulse\data\aggregated\insurance\country\india\state\puducherry\2021\4.json
Puducherry,2022,1,Insurance,TOTAL,1199,1663404.0,C:\Phonepe_data\pulse\data\aggregated\insurance\country\india\state\puducherry\2022\1.json
Puducherry,2022,2,Insurance,TOTAL,1156,1597786.0,C:\Phonepe_data\pulse\data\aggregated\insurance\country\india\state\puducherry\2022\2.json
Puducherry,2022,3,Insurance,TOTAL,1585,2025529.0,C:\Phonepe_data\pulse\data\aggregated\insurance\country\india\state\puducherry\2022\3.json
Puducherry,2022,4,Insurance,TOTAL,2331,2693130.0,C:\Phonepe_data\pulse\data\aggregated\insurance\country\india\state\puducherry\2022\4.json
Puducherry,2023,1,Insurance,TOTAL,1955,2593091.0,C:\Phonepe_data\pulse\data\aggregated\insurance\country\india\state\puducherry\2023\1.json
Puducherry,2023,2,Insurance,TOTAL,1809,2614006.0,C:\Phonepe_data\pulse\data\aggregated\insurance\country\india\state\puducherry\2023\2.json
Puducherry,2023,3,Insurance,TOTAL,2232,2891647.0,C:\Phonepe_data\pulse\data\aggregated\insurance\country\india\state\puducherry\2023\3.json
Puducherry,2023,4,Insurance,TOTAL,2447,3419395.0,C:\Phonepe_data\pulse\data\aggregated\insurance\country\india\state\puducherry\2023\4.json
Puducherry,2024,1,Insurance,TOTAL,2702,3793554.0,C:\Phonepe_data\pulse\data\aggregated\insurance\country\india\state\puducherry\2024\1.json
Puducherry,2024,2,Insurance,TOTAL,2304,3322997.0,C:\Phonepe_data\pulse\data\aggregated\insurance\country\india\state\puducherry\2024\2.json
Puducherry,2024,3,Insurance,TOTAL,2600,3968523.0,C:\Phonepe_data\pulse\data\aggregated\insurance\country\india\state\puducherry\2024\3.json
Puducherry,2024,4,Insurance,TOTAL,2838,3896033.0,C:\Phonepe_data\pulse\data\aggregated\insurance\country\india\state\puducherry\2024\4.json
Punjab,2020,2,Insurance,TOTAL,2036,399452.0,C:\Phonepe_data\pulse\data\aggregated\insurance\country\india\state\punjab\2020\2.json
Punjab,2020,3,Insurance,TOTAL,2488,684753.0,C:\Phonepe_data\pulse\data\aggregated\insurance\country\india\state\punjab\2020\3.json
Punjab,2020,4,Insurance,TOTAL,2451,1884291.0,C:\Phonepe_data\pulse\data\aggregated\insurance\country\india\state\punjab\2020\4.json
Punjab,2021,1,Insurance,TOTAL,3783,2558380.0,C:\Phonepe_data\pulse\data\aggregated\insurance\country\india\state\punjab\2021\1.json
Punjab,2021,2,Insurance,TOTAL,4047,3768919.0,C:\Phonepe_data\pulse\data\aggregated\insurance\country\india\state\punjab\2021\2.json
Punjab,2021,3,Insurance,TOTAL,4887,5271559.0,C:\Phonepe_data\pulse\data\aggregated\insurance\country\india\state\punjab\2021\3.json
Punjab,2021,4,Insurance,TOTAL,6638,9912828.0,C:\Phonepe_data\pulse\data\aggregated\insurance\country\india\state\punjab\2021\4.json
Punjab,2022,1,Insurance,TOTAL,7475,13155682.0,C:\Phonepe_data\pulse\data\aggregated\insurance\country\india\state\punjab\2022\1.json
Punjab,2022,2,Insurance,TOTAL,9175,15465367.0,C:\Phonepe_data\pulse\data\aggregated\insurance\country\india\state\punjab\2022\2.json
Punjab,2022,3,Insurance,TOTAL,12370,19381895.0,C:\Phonepe_data\pulse\data\aggregated\insurance\country\india\state\punjab\2022\3.json
Punjab,2022,4,Insurance,TOTAL,12187,21727831.0,C:\Phonepe_data\pulse\data\aggregated\insurance\country\india\state\punjab\2022\4.json
Punjab,2023,1,Insurance,TOTAL,10816,23330966.0,C:\Phonepe_data\pulse\data\aggregated\insurance\country\india\state\punjab\2023\1.json
Punjab,2023,2,Insurance,TOTAL,13187,24998175.0,C:\Phonepe_data\pulse\data\aggregated\insurance\country\india\state\punjab\2023\2.json
Punjab,2023,3,Insurance,TOTAL,14048,24461488.0,C:\Phonepe_data\pulse\data\aggregated\insurance\country\india\state\punjab\2023\3.json
Punjab,2023,4,Insurance,TOTAL,13777,28715828.0,C:\Phonepe_data\pulse\data\aggregated\insurance\country\india\state\punjab\2023\4.json
Punjab,2024,1,Insurance,TOTAL,14729,28213940.0,C:\Phonepe_data\pulse\data\aggregated\insurance\country\india\state\punjab\2024\1.json
Punjab,2024,2,Insurance,TOTAL,14129,27164397.0,C:\Phonepe_data\pulse\data\aggregated\insurance\country\india\state\punjab\2024\2.json
Punjab,2024,3,Insurance,TOTAL,15509,30111034.0,C:\Phonepe_data\pulse\data\aggregated\insurance\country\india\state\punjab\2024\3.json
Punjab,2024,4,Insurance,TOTAL,16279,31878987.0,C:\Phonepe_data\pulse\data\aggregated\insurance\country\india\state\punjab\2024\4.json
Rajasthan,2020,2,Insurance,TOTAL,5373,1095933.0,C:\Phonepe_data\pulse\data\aggregated\insurance\country\india\state\rajasthan\2020\2.json
Rajasthan,2020,3,Insurance,TOTAL,15235,3758527.0,C:\Phonepe_data\pulse\data\aggregated\insurance\country\india\state\rajasthan\2020\3.json
Rajasthan,2020,4,Insurance,TOTAL,12509,6471573.0,C:\Phonepe_data\pulse\data\aggregated\insurance\country\india\state\rajasthan\2020\4.json
Rajasthan,2021,1,Insurance,TOTAL,17800,8074225.0,C:\Phonepe_data\pulse\data\aggregated\insurance\country\india\state\rajasthan\2021\1.json
Rajasthan,2021,2,Insurance,TOTAL,18281,14357445.0,C:\Phonepe_data\pulse\data\aggregated\insurance\country\india\state\rajasthan\2021\2.json
Rajasthan,2021,3,Insurance,TOTAL,16643,12793862.0,C:\Phonepe_data\pulse\data\aggregated\insurance\country\india\state\rajasthan\2021\3.json
Rajasthan,2021,4,Insurance,TOTAL,19375,24455262.0,C:\Phonepe_data\pulse\data\aggregated\insurance\country\india\state\rajasthan\2021\4.json
Rajasthan,2022,1,Insurance,TOTAL,21517,31576932.0,C:\Phonepe_data\pulse\data\aggregated\insurance\country\india\state\rajasthan\2022\1.json
Rajasthan,2022,2,Insurance,TOTAL,24333,33748931.0,C:\Phonepe_data\pulse\data\aggregated\insurance\country\india\state\rajasthan\2022\2.json
Rajasthan,2022,3,Insurance,TOTAL,33975,45565544.0,C:\Phonepe_data\pulse\data\aggregated\insurance\country\india\state\rajasthan\2022\3.json
Rajasthan,2022,4,Insurance,TOTAL,40926,60792838.0,C:\Phonepe_data\pulse\data\aggregated\insurance\country\india\state\rajasthan\2022\4.json
Rajasthan,2023,1,Insurance,TOTAL,34415,61441050.0,C:\Phonepe_data\pulse\data\aggregated\insurance\country\india\state\rajasthan\2023\1.json
Rajasthan,2023,2,Insurance,TOTAL,37170,61301449.0,C:\Phonepe_data\pulse\data\aggregated\insurance\country\india\state\rajasthan\2023\2.json
Rajasthan,2023,3,Insurance,TOTAL,39960,64328784.0,C:\Phonepe_data\pulse\data\aggregated\insurance\country\india\state\rajasthan\2023\3.json
Rajasthan,2023,4,Insurance,TOTAL,49741,94701652.0,C:\Phonepe_data\pulse\data\aggregated\insurance\country\india\state\rajasthan\2023\4.json
Rajasthan,2024,1,Insurance,TOTAL,59127,102926410.0,C:\Phonepe_data\pulse\data\aggregated\insurance\country\india\state\rajasthan\2024\1.json
Rajasthan,2024,2,Insurance,TOTAL,55241,95504657.0,C:\Phonepe_data\pulse\data\aggregated\insurance\country\india\state\rajasthan\2024\2.json
Rajasthan,2024,3,Insurance,TOTAL,64533,108827800.0,C:\Phonepe_data\pulse\data\aggregated\insurance\country\india\state\rajasthan\2024\3.json
Rajasthan,2024,4,Insurance,TOTAL,73530,127930986.0,C:\Phonepe_data\pulse\data\aggregated\insurance\country\india\state\rajasthan\2024\4.json
Sikkim,2020,2,Insurance,TOTAL,21,4789.0,C:\Phonepe_data\pulse\data\aggregated\insurance\country\india\state\sikkim\2020\2.json
Sikkim,2020,3,Insurance,TOTAL,94,28000.0,C:\Phonepe_data\pulse\data\aggregated\insurance\country\india\state\sikkim\2020\3.json
Sikkim,2020,4,Insurance,TOTAL,67,70214.0,C:\Phonepe_data\pulse\data\aggregated\insurance\country\india\state\sikkim\2020\4.json
Sikkim,2021,1,Insurance,TOTAL,122,111777.0,C:\Phonepe_data\pulse\data\aggregated\insurance\country\india\state\sikkim\2021\1.json
Sikkim,2021,2,Insurance,TOTAL,93,122064.0,C:\Phonepe_data\pulse\data\aggregated\insurance\country\india\state\sikkim\2021\2.json
Sikkim,2021,3,Insurance,TOTAL,106,140552.0,C:\Phonepe_data\pulse\data\aggregated\insurance\country\india\state\sikkim\2021\3.json
Sikkim,2021,4,Insurance,TOTAL,195,503532.0,C:\Phonepe_data\pulse\data\aggregated\insurance\country\india\state\sikkim\2021\4.json
Sikkim,2022,1,Insurance,TOTAL,239,685987.0,C:\Phonepe_data\pulse\data\aggregated\insurance\country\india\state\sikkim\2022\1.json
Sikkim,2022,2,Insurance,TOTAL,160,383709.0,C:\Phonepe_data\pulse\data\aggregated\insurance\country\india\state\sikkim\2022\2.json
Sikkim,2022,3,Insurance,TOTAL,243,474940.0,C:\Phonepe_data\pulse\data\aggregated\insurance\country\india\state\sikkim\2022\3.json
Sikkim,2022,4,Insurance,TOTAL,306,667214.0,C:\Phonepe_data\pulse\data\aggregated\insurance\country\india\state\sikkim\2022\4.json
Sikkim,2023,1,Insurance,TOTAL,260,688605.0,C:\Phonepe_data\pulse\data\aggregated\insurance\country\india\state\sikkim\2023\1.json
Sikkim,2023,2,Insurance,TOTAL,270,628191.0,C:\Phonepe_data\pulse\data\aggregated\insurance\country\india\state\sikkim\2023\2.json
Sikkim,2023,3,Insurance,TOTAL,251,698251.0,C:\Phonepe_data\pulse\data\aggregated\insurance\country\india\state\sikkim\2023\3.json
Sikkim,2023,4,Insurance,TOTAL,324,793745.0,C:\Phonepe_data\pulse\data\aggregated\insurance\country\india\state\sikkim\2023\4.json
Sikkim,2024,1,Insurance,TOTAL,400,880182.0,C:\Phonepe_data\pulse\data\aggregated\insurance\country\india\state\sikkim\2024\1.json
Sikkim,2024,2,Insurance,TOTAL,685,1590554.0,C:\Phonepe_data\pulse\data\aggregated\insurance\country\india\state\sikkim\2024\2.json
Sikkim,2024,3,Insurance,TOTAL,461,1029398.0,C:\Phonepe_data\pulse\data\aggregated\insurance\country\india\state\sikkim\2024\3.json
Sikkim,2024,4,Insurance,TOTAL,599,1381680.0,C:\Phonepe_data\pulse\data\aggregated\insurance\country\india\state\sikkim\2024\4.json
Tamil Nadu,2020,2,Insurance,TOTAL,5473,1075552.0,C:\Phonepe_data\pulse\data\aggregated\insurance\country\india\state\tamil-nadu\2020\2.json
Tamil Nadu,2020,3,Insurance,TOTAL,8026,2257373.0,C:\Phonepe_data\pulse\data\aggregated\insurance\country\india\state\tamil-nadu\2020\3.json
Tamil Nadu,2020,4,Insurance,TOTAL,10290,8993575.0,C:\Phonepe_data\pulse\data\aggregated\insurance\country\india\state\tamil-nadu\2020\4.json
Tamil Nadu,2021,1,Insurance,TOTAL,14406,11180849.0,C:\Phonepe_data\pulse\data\aggregated\insurance\country\india\state\tamil-nadu\2021\1.json
Tamil Nadu,2021,2,Insurance,TOTAL,17682,16444344.0,C:\Phonepe_data\pulse\data\aggregated\insurance\country\india\state\tamil-nadu\2021\2.json
Tamil Nadu,2021,3,Insurance,TOTAL,23107,23402918.0,C:\Phonepe_data\pulse\data\aggregated\insurance\country\india\state\tamil-nadu\2021\3.json
Tamil Nadu,2021,4,Insurance,TOTAL,33037,42184290.0,C:\Phonepe_data\pulse\data\aggregated\insurance\country\india\state\tamil-nadu\2021\4.json
Tamil Nadu,2022,1,Insurance,TOTAL,47621,64969045.0,C:\Phonepe_data\pulse\data\aggregated\insurance\country\india\state\tamil-nadu\2022\1.json
Tamil Nadu,2022,2,Insurance,TOTAL,46714,61835120.0,C:\Phonepe_data\pulse\data\aggregated\insurance\country\india\state\tamil-nadu\2022\2.json
Tamil Nadu,2022,3,Insurance,TOTAL,64356,79747520.0,C:\Phonepe_data\pulse\data\aggregated\insurance\country\india\state\tamil-nadu\2022\3.json
Tamil Nadu,2022,4,Insurance,TOTAL,125491,146457790.0,C:\Phonepe_data\pulse\data\aggregated\insurance\country\india\state\tamil-nadu\2022\4.json
Tamil Nadu,2023,1,Insurance,TOTAL,90690,116710222.0,C:\Phonepe_data\pulse\data\aggregated\insurance\country\india\state\tamil-nadu\2023\1.json
Tamil Nadu,2023,2,Insurance,TOTAL,79698,105328191.0,C:\Phonepe_data\pulse\data\aggregated\insurance\country\india\state\tamil-nadu\2023\2.json
Tamil Nadu,2023,3,Insurance,TOTAL,91069,114625593.0,C:\Phonepe_data\pulse\data\aggregated\insurance\country\india\state\tamil-nadu\2023\3.json
Tamil Nadu,2023,4,Insurance,TOTAL,104871,139433796.0,C:\Phonepe_data\pulse\data\aggregated\insurance\country\india\state\tamil-nadu\2023\4.json
Tamil Nadu,2024,1,Insurance,TOTAL,111521,148976175.0,C:\Phonepe_data\pulse\data\aggregated\insurance\country\india\state\tamil-nadu\2024\1.json
Tamil Nadu,2024,2,Insurance,TOTAL,97348,135972378.0,C:\Phonepe_data\pulse\data\aggregated\insurance\country\india\state\tamil-nadu\2024\2.json
Tamil Nadu,2024,3,Insurance,TOTAL,116867,162128271.0,C:\Phonepe_data\pulse\data\aggregated\insurance\country\india\state\tamil-nadu\2024\3.json
Tamil Nadu,2024,4,Insurance,TOTAL,127002,173784251.0,C:\Phonepe_data\pulse\data\aggregated\insurance\country\india\state\tamil-nadu\2024\4.json
Telangana,2020,2,Insurance,TOTAL,19003,3419453.0,C:\Phonepe_data\pulse\data\aggregated\insurance\country\india\state\telangana\2020\2.json
Telangana,2020,3,Insurance,TOTAL,34395,8406543.0,C:\Phonepe_data\pulse\data\aggregated\insurance\country\india\state\telangana\2020\3.json
Telangana,2020,4,Insurance,TOTAL,20961,11339099.0,C:\Phonepe_data\pulse\data\aggregated\insurance\country\india\state\telangana\2020\4.json
Telangana,2021,1,Insurance,TOTAL,28298,14810947.0,C:\Phonepe_data\pulse\data\aggregated\insurance\country\india\state\telangana\2021\1.json
Telangana,2021,2,Insurance,TOTAL,28870,20935651.0,C:\Phonepe_data\pulse\data\aggregated\insurance\country\india\state\telangana\2021\2.json
Telangana,2021,3,Insurance,TOTAL,27080,20925217.0,C:\Phonepe_data\pulse\data\aggregated\insurance\country\india\state\telangana\2021\3.json
Telangana,2021,4,Insurance,TOTAL,34848,38845492.0,C:\Phonepe_data\pulse\data\aggregated\insurance\country\india\state\telangana\2021\4.json
Telangana,2022,1,Insurance,TOTAL,36325,51942016.0,C:\Phonepe_data\pulse\data\aggregated\insurance\country\india\state\telangana\2022\1.json
Telangana,2022,2,Insurance,TOTAL,45600,58056956.0,C:\Phonepe_data\pulse\data\aggregated\insurance\country\india\state\telangana\2022\2.json
Telangana,2022,3,Insurance,TOTAL,51465,64798126.0,C:\Phonepe_data\pulse\data\aggregated\insurance\country\india\state\telangana\2022\3.json
Telangana,2022,4,Insurance,TOTAL,64655,88544127.0,C:\Phonepe_data\pulse\data\aggregated\insurance\country\india\state\telangana\2022\4.json
Telangana,2023,1,Insurance,TOTAL,54508,82678207.0,C:\Phonepe_data\pulse\data\aggregated\insurance\country\india\state\telangana\2023\1.json
Telangana,2023,2,Insurance,TOTAL,55118,79238968.0,C:\Phonepe_data\pulse\data\aggregated\insurance\country\india\state\telangana\2023\2.json
Telangana,2023,3,Insurance,TOTAL,61523,84397465.0,C:\Phonepe_data\pulse\data\aggregated\insurance\country\india\state\telangana\2023\3.json
Telangana,2023,4,Insurance,TOTAL,63993,105605522.0,C:\Phonepe_data\pulse\data\aggregated\insurance\country\india\state\telangana\2023\4.json
Telangana,2024,1,Insurance,TOTAL,67388,105607539.0,C:\Phonepe_data\pulse\data\aggregated\insurance\country\india\state\telangana\2024\1.json
Telangana,2024,2,Insurance,TOTAL,56941,96037304.0,C:\Phonepe_data\pulse\data\aggregated\insurance\country\india\state\telangana\2024\2.json
Telangana,2024,3,Insurance,TOTAL,64873,110715264.0,C:\Phonepe_data\pulse\data\aggregated\insurance\country\india\state\telangana\2024\3.json
Telangana,2024,4,Insurance,TOTAL,78498,124755619.0,C:\Phonepe_data\pulse\data\aggregated\insurance\country\india\state\telangana\2024\4.json
Tripura,2020,2,Insurance,TOTAL,88,22054.0,C:\Phonepe_data\pulse\data\aggregated\insurance\country\india\state\tripura\2020\2.json
Tripura,2020,3,Insurance,TOTAL,249,61642.0,C:\Phonepe_data\pulse\data\aggregated\insurance\country\india\state\tripura\2020\3.json
Tripura,2020,4,Insurance,TOTAL,244,149765.0,C:\Phonepe_data\pulse\data\aggregated\insurance\country\india\state\tripura\2020\4.json
Tripura,2021,1,Insurance,TOTAL,360,191531.0,C:\Phonepe_data\pulse\data\aggregated\insurance\country\india\state\tripura\2021\1.json
Tripura,2021,2,Insurance,TOTAL,381,409934.0,C:\Phonepe_data\pulse\data\aggregated\insurance\country\india\state\tripura\2021\2.json
Tripura,2021,3,Insurance,TOTAL,494,649961.0,C:\Phonepe_data\pulse\data\aggregated\insurance\country\india\state\tripura\2021\3.json
Tripura,2021,4,Insurance,TOTAL,702,1022508.0,C:\Phonepe_data\pulse\data\aggregated\insurance\country\india\state\tripura\2021\4.json
Tripura,2022,1,Insurance,TOTAL,907,1493401.0,C:\Phonepe_data\pulse\data\aggregated\insurance\country\india\state\tripura\2022\1.json
Tripura,2022,2,Insurance,TOTAL,1021,1509105.0,C:\Phonepe_data\pulse\data\aggregated\insurance\country\india\state\tripura\2022\2.json
Tripura,2022,3,Insurance,TOTAL,1590,2105984.0,C:\Phonepe_data\pulse\data\aggregated\insurance\country\india\state\tripura\2022\3.json
Tripura,2022,4,Insurance,TOTAL,1508,2112534.0,C:\Phonepe_data\pulse\data\aggregated\insurance\country\india\state\tripura\2022\4.json
Tripura,2023,1,Insurance,TOTAL,1642,2404958.0,C:\Phonepe_data\pulse\data\aggregated\insurance\country\india\state\tripura\2023\1.json
Tripura,2023,2,Insurance,TOTAL,1563,2163813.0,C:\Phonepe_data\pulse\data\aggregated\insurance\country\india\state\tripura\2023\2.json
Tripura,2023,3,Insurance,TOTAL,2071,2899393.0,C:\Phonepe_data\pulse\data\aggregated\insurance\country\india\state\tripura\2023\3.json
Tripura,2023,4,Insurance,TOTAL,2237,3169741.0,C:\Phonepe_data\pulse\data\aggregated\insurance\country\india\state\tripura\2023\4.json
Tripura,2024,1,Insurance,TOTAL,2637,3417568.0,C:\Phonepe_data\pulse\data\aggregated\insurance\country\india\state\tripura\2024\1.json
Tripura,2024,2,Insurance,TOTAL,2188,2869489.0,C:\Phonepe_data\pulse\data\aggregated\insurance\country\india\state\tripura\2024\2.json
Tripura,2024,3,Insurance,TOTAL,2516,3323343.0,C:\Phonepe_data\pulse\data\aggregated\insurance\country\india\state\tripura\2024\3.json
Tripura,2024,4,Insurance,TOTAL,2794,3765732.0,C:\Phonepe_data\pulse\data\aggregated\insurance\country\india\state\tripura\2024\4.json
Uttar Pradesh,2020,2,Insurance,TOTAL,9884,1912266.0,C:\Phonepe_data\pulse\data\aggregated\insurance\country\india\state\uttar-pradesh\2020\2.json
Uttar Pradesh,2020,3,Insurance,TOTAL,18131,4436969.0,C:\Phonepe_data\pulse\data\aggregated\insurance\country\india\state\uttar-pradesh\2020\3.json
Uttar Pradesh,2020,4,Insurance,TOTAL,17470,14180417.0,C:\Phonepe_data\pulse\data\aggregated\insurance\country\india\state\uttar-pradesh\2020\4.json
Uttar Pradesh,2021,1,Insurance,TOTAL,24103,18027573.0,C:\Phonepe_data\pulse\data\aggregated\insurance\country\india\state\uttar-pradesh\2021\1.json
Uttar Pradesh,2021,2,Insurance,TOTAL,25952,25137571.0,C:\Phonepe_data\pulse\data\aggregated\insurance\country\india\state\uttar-pradesh\2021\2.json
Uttar Pradesh,2021,3,Insurance,TOTAL,32799,32641118.0,C:\Phonepe_data\pulse\data\aggregated\insurance\country\india\state\uttar-pradesh\2021\3.json
Uttar Pradesh,2021,4,Insurance,TOTAL,44132,59654951.0,C:\Phonepe_data\pulse\data\aggregated\insurance\country\india\state\uttar-pradesh\2021\4.json
Uttar Pradesh,2022,1,Insurance,TOTAL,45996,73014969.0,C:\Phonepe_data\pulse\data\aggregated\insurance\country\india\state\uttar-pradesh\2022\1.json
Uttar Pradesh,2022,2,Insurance,TOTAL,55133,77434953.0,C:\Phonepe_data\pulse\data\aggregated\insurance\country\india\state\uttar-pradesh\2022\2.json
Uttar Pradesh,2022,3,Insurance,TOTAL,64514,87703512.0,C:\Phonepe_data\pulse\data\aggregated\insurance\country\india\state\uttar-pradesh\2022\3.json
Uttar Pradesh,2022,4,Insurance,TOTAL,77022,116755813.0,C:\Phonepe_data\pulse\data\aggregated\insurance\country\india\state\uttar-pradesh\2022\4.json
Uttar Pradesh,2023,1,Insurance,TOTAL,73080,127110494.0,C:\Phonepe_data\pulse\data\aggregated\insurance\country\india\state\uttar-pradesh\2023\1.json
Uttar Pradesh,2023,2,Insurance,TOTAL,74194,122522457.0,C:\Phonepe_data\pulse\data\aggregated\insurance\country\india\state\uttar-pradesh\2023\2.json
Uttar Pradesh,2023,3,Insurance,TOTAL,78940,121483170.0,C:\Phonepe_data\pulse\data\aggregated\insurance\country\india\state\uttar-pradesh\2023\3.json
Uttar Pradesh,2023,4,Insurance,TOTAL,92125,165509877.0,C:\Phonepe_data\pulse\data\aggregated\insurance\country\india\state\uttar-pradesh\2023\4.json
Uttar Pradesh,2024,1,Insurance,TOTAL,103701,176442664.0,C:\Phonepe_data\pulse\data\aggregated\insurance\country\india\state\uttar-pradesh\2024\1.json
Uttar Pradesh,2024,2,Insurance,TOTAL,92458,159894258.0,C:\Phonepe_data\pulse\data\aggregated\insurance\country\india\state\uttar-pradesh\2024\2.json
Uttar Pradesh,2024,3,Insurance,TOTAL,92930,157303596.0,C:\Phonepe_data\pulse\data\aggregated\insurance\country\india\state\uttar-pradesh\2024\3.json
Uttar Pradesh,2024,4,Insurance,TOTAL,116589,199179867.0,C:\Phonepe_data\pulse\data\aggregated\insurance\country\india\state\uttar-pradesh\2024\4.json
Uttarakhand,2020,2,Insurance,TOTAL,660,134899.0,C:\Phonepe_data\pulse\data\aggregated\insurance\country\india\state\uttarakhand\2020\2.json
Uttarakhand,2020,3,Insurance,TOTAL,1403,418543.0,C:\Phonepe_data\pulse\data\aggregated\insurance\country\india\state\uttarakhand\2020\3.json
Uttarakhand,2020,4,Insurance,TOTAL,1756,1961891.0,C:\Phonepe_data\pulse\data\aggregated\insurance\country\india\state\uttarakhand\2020\4.json
Uttarakhand,2021,1,Insurance,TOTAL,2607,2719327.0,C:\Phonepe_data\pulse\data\aggregated\insurance\country\india\state\uttarakhand\2021\1.json
Uttarakhand,2021,2,Insurance,TOTAL,2742,3265717.0,C:\Phonepe_data\pulse\data\aggregated\insurance\country\india\state\uttarakhand\2021\2.json
Uttarakhand,2021,3,Insurance,TOTAL,4111,4646571.0,C:\Phonepe_data\pulse\data\aggregated\insurance\country\india\state\uttarakhand\2021\3.json
Uttarakhand,2021,4,Insurance,TOTAL,5529,7849020.0,C:\Phonepe_data\pulse\data\aggregated\insurance\country\india\state\uttarakhand\2021\4.json
Uttarakhand,2022,1,Insurance,TOTAL,5339,8824948.0,C:\Phonepe_data\pulse\data\aggregated\insurance\country\india\state\uttarakhand\2022\1.json
Uttarakhand,2022,2,Insurance,TOTAL,5773,9168313.0,C:\Phonepe_data\pulse\data\aggregated\insurance\country\india\state\uttarakhand\2022\2.json
Uttarakhand,2022,3,Insurance,TOTAL,6784,10070172.0,C:\Phonepe_data\pulse\data\aggregated\insurance\country\india\state\uttarakhand\2022\3.json
Uttarakhand,2022,4,Insurance,TOTAL,8750,13817747.0,C:\Phonepe_data\pulse\data\aggregated\insurance\country\india\state\uttarakhand\2022\4.json
Uttarakhand,2023,1,Insurance,TOTAL,7552,13599026.0,C:\Phonepe_data\pulse\data\aggregated\insurance\country\india\state\uttarakhand\2023\1.json
Uttarakhand,2023,2,Insurance,TOTAL,8051,14034915.0,C:\Phonepe_data\pulse\data\aggregated\insurance\country\india\state\uttarakhand\2023\2.json
Uttarakhand,2023,3,Insurance,TOTAL,7856,12636749.0,C:\Phonepe_data\pulse\data\aggregated\insurance\country\india\state\uttarakhand\2023\3.json
Uttarakhand,2023,4,Insurance,TOTAL,10040,19045152.0,C:\Phonepe_data\pulse\data\aggregated\insurance\country\india\state\uttarakhand\2023\4.json
Uttarakhand,2024,1,Insurance,TOTAL,11533,19531483.0,C:\Phonepe_data\pulse\data\aggregated\insurance\country\india\state\uttarakhand\2024\1.json
Uttarakhand,2024,2,Insurance,TOTAL,10311,17754447.0,C:\Phonepe_data\pulse\data\aggregated\insurance\country\india\state\uttarakhand\2024\2.json
Uttarakhand,2024,3,Insurance,TOTAL,10487,17860144.0,C:\Phonepe_data\pulse\data\aggregated\insurance\country\india\state\uttarakhand\2024\3.json
Uttarakhand,2024,4,Insurance,TOTAL,13090,23367549.0,C:\Phonepe_data\pulse\data\aggregated\insurance\country\india\state\uttarakhand\2024\4.json
West Bengal,2020,2,Insurance,TOTAL,7619,1432764.0,C:\Phonepe_data\pulse\data\aggregated\insurance\country\india\state\west-bengal\2020\2.json
West Bengal,2020,3,Insurance,TOTAL,12596,2878482.0,C:\Phonepe_data\pulse\data\aggregated\insurance\country\india\state\west-bengal\2020\3.json
West Bengal,2020,4,Insurance,TOTAL,10233,7510455.0,C:\Phonepe_data\pulse\data\aggregated\insurance\country\india\state\west-bengal\2020\4.json
West Bengal,2021,1,Insurance,TOTAL,15488,11172042.0,C:\Phonepe_data\pulse\data\aggregated\insurance\country\india\state\west-bengal\2021\1.json
West Bengal,2021,2,Insurance,TOTAL,15200,12396029.0,C:\Phonepe_data\pulse\data\aggregated\insurance\country\india\state\west-bengal\2021\2.json
West Bengal,2021,3,Insurance,TOTAL,24839,21424337.0,C:\Phonepe_data\pulse\data\aggregated\insurance\country\india\state\west-bengal\2021\3.json
West Bengal,2021,4,Insurance,TOTAL,26320,31282871.0,C:\Phonepe_data\pulse\data\aggregated\insurance\country\india\state\west-bengal\2021\4.json
West Bengal,2022,1,Insurance,TOTAL,38779,51160527.0,C:\Phonepe_data\pulse\data\aggregated\insurance\country\india\state\west-bengal\2022\1.json
West Bengal,2022,2,Insurance,TOTAL,33542,41737021.0,C:\Phonepe_data\pulse\data\aggregated\insurance\country\india\state\west-bengal\2022\2.json
West Bengal,2022,3,Insurance,TOTAL,47853,59092307.0,C:\Phonepe_data\pulse\data\aggregated\insurance\country\india\state\west-bengal\2022\3.json
West Bengal,2022,4,Insurance,TOTAL,54277,70466433.0,C:\Phonepe_data\pulse\data\aggregated\insurance\country\india\state\west-bengal\2022\4.json
West Bengal,2023,1,Insurance,TOTAL,56833,77461732.0,C:\Phonepe_data\pulse\data\aggregated\insurance\country\india\state\west-bengal\2023\1.json
West Bengal,2023,2,Insurance,TOTAL,49792,65204280.0,C:\Phonepe_data\pulse\data\aggregated\insurance\country\india\state\west-bengal\2023\2.json
West Bengal,2023,3,Insurance,TOTAL,58131,76359312.0,C:\Phonepe_data\pulse\data\aggregated\insurance\country\india\state\west-bengal\2023\3.json
West Bengal,2023,4,Insurance,TOTAL,72712,100365562.0,C:\Phonepe_data\pulse\data\aggregated\insurance\country\india\state\west-bengal\2023\4.json
West Bengal,2024,1,Insurance,TOTAL,79576,104987909.0,C:\Phonepe_data\pulse\data\aggregated\insurance\country\india\state\west-bengal\2024\1.json
West Bengal,2024,2,Insurance,TOTAL,67048,89476633.0,C:\Phonepe_data\pulse\data\aggregated\insurance\country\india\state\west-bengal\2024\2.json
West Bengal,2024,3,Insurance,TOTAL,77158,107451766.0,C:\Phonepe_data\pulse\data\aggregated\insurance\country\india\state\west-bengal\2024\3.json
West Bengal,2024,4,Insurance,TOTAL,91719,120602777.0,C:\Phonepe_data\pulse\data\aggregated\insurance\country\india\state\west-bengal\2024\4.json
